recipe_id,synergy_score,conflict_score,final_balance_score,synergy_normalized,conflict_normalized,balance_normalized,sqe_total
1,1.9344897754674424,0.3648649701088849,-0.2399590159762275,0.028882973940860392,6.756758765569389e-09,0.7343269309363434,0.2318512708842748
2,5.941813236264076,1.5792713403541143,-0.125047308797605,0.08871447088574337,2.9245765821163258e-08,0.9314768285527981,0.3149288456938665
3,4.942253729397414,0.7980950509546315,-0.2196778266239132,0.07379050925240108,1.4779538111553944e-08,0.7691226406383445,0.2602530003263252
4,1.579924780642867,0.9693111192719276,-0.1782318743402857,0.023589127658635953,1.7950206071440527e-08,0.8402299755649091,0.2615046491179889
5,7.078965012378219,4.601582110291008,-0.3730430907791994,0.10569275918316874,8.521448427871134e-08,0.5059993534772245,0.19407693528078013
6,4.2686166706428255,1.096447525292076,-0.4316930334586647,0.06373274525677325,2.0304583981556892e-08,0.405375748812698,0.1471058288378939
7,0.976604496,1.4725535263908456,-0.1059618766362675,0.014581230961367687,2.7269509989523583e-08,0.9642210204977029,0.29509880671471095
8,1.3321895096845875,0.86934362809703,-0.2066171335178554,0.01989030667438392,1.6098956218470546e-08,0.7915304037103585,0.245415248612548
9,1.2179783852831123,0.3621994077304527,-0.4099126468762421,0.01818507309203166,6.707396498864891e-09,0.4427435774717631,0.14009710449056054
10,9.747928958350904,0.9529435255596804,-0.2811916189877915,0.14554182795480278,1.7647102481491894e-08,0.663585631709505,0.25729242598890334
11,3.090670902945018,0.4332268825366551,-0.0993187440007093,0.04614538070017254,8.022720118037891e-09,0.975618405073297,0.3111436762088741
12,2.115413725813805,0.4419315606194662,-0.235342827752559,0.03158426593495677,8.18391786174001e-09,0.7422467596293405,0.2353077367179602
13,5.95470138017006,0.2577209465849706,-0.3642183341940712,0.08890689781366169,4.772610164218218e-09,0.5211396720745607,0.1919046621796159
14,3.106354597813862,1.876818665557343,-0.375712391577772,0.04637954670918324,3.4755901521881995e-08,0.501419729763793,0.16897774803958165
15,1.30343744878084,3.960645834338295,-0.1739880255316679,0.01946102292403259,7.334529387815707e-08,0.8475109948680003,0.2620377296336013
16,1.73469107599221,1.0913686003529923,-0.2240140956300474,0.025899871779482206,2.0210529815185203e-08,0.7616830593146775,0.23886487256935507
17,0.812188384,1.152111104761179,-0.3951708082327831,0.012126409882147408,2.1335391017893076e-08,0.4680356216907086,0.14526125686068886
18,1.2327614155362487,1.6828450338839798,-0.1419161489663427,0.0184057916933823,3.1163797199816765e-08,0.9025355640478213,0.27812299524083844
19,1.4237919237088517,53999999.52168455,-0.3735150893085353,0.02125798003752869,1.0,0.5051895625166826,0.46006006077001627
20,5.345201411237492,1.1900523538090957,-0.1927179196029955,0.07980673510260225,2.20380067472262e-08,0.815376786881782,0.2765357367169775
21,1.584743038045477,1079999.9192451038,-0.2181586853229195,0.023661066835965704,0.019999998681692818,0.771728976923039,0.24698311941580584
22,1.899500476298612,0.9624478598422948,-0.1789831615427166,0.02836056486487647,1.7823108673469684e-08,0.8389410190375332,0.26302653700414313
24,1.3387856080000002,1.2169490039128223,-0.1332503263485075,0.01998878997379003,2.253609286467007e-08,0.9174032053336031,0.2832164843504248
25,2.461084458985047,0.108,-0.3468157035859598,0.03674531610173297,2.0000000177153873e-09,0.550996741705534,0.1799971495523534
26,0.43496192,1.7231393537661377,-0.1784766083223957,0.006494215663451068,3.190998831535515e-08,0.8398100942429716,0.2545407241112684
27,0.5478083942296779,1.0923194811044683,-0.1570025228452289,0.008179074283965712,2.0228138718146288e-08,0.8766524130734592,0.2662673597040656
28,2.1892027822281728,0.5163157958776383,-0.1584680658020836,0.03268597627768623,9.561403712055656e-09,0.8741380335468606,0.2753158034435538
29,5.513057483830971,4.202834291711796,-0.2114516963933608,0.08231291664567146,7.783026535072619e-08,0.7832359174536656,0.26789596524344783
30,1.6172350164733629,0.2175121389665435,-0.1998436438930995,0.02414618956864743,4.028002609133322e-09,0.8031514371003765,0.25060390816597267
31,0.5687947680000001,1.1200730526638685,-0.1086015123779107,0.00849241214411279,2.0742093751576524e-08,0.9596922920592612,0.2913046586980516
32,1.5394048591959428,1.6339507464419103,-0.2399049246171825,0.022984143414170547,3.025834742435084e-08,0.7344197335424442,0.2295195865059057
33,5.7940977101887805,2.4931396061493323,-0.1645154850159434,0.0865089985465255,4.6169252374681466e-08,0.8637626931387421,0.29373242121100857
34,0.422353088,0.4806895569862099,-0.2816068846184399,0.006305959012679839,8.901658541555754e-09,0.6628731753499566,0.20138433888055648
35,6.674029807817261,0.6201323766869674,-0.2478223267544703,0.09964685854859702,1.1483933003331667e-08,0.7208361304520449,0.25610958600023215
36,1.389565976766765,2.0847865672236434,-0.2225237464914762,0.02074696822130408,3.860715899426007e-08,0.7642399979182034,0.23757079824613034
37,5.686954797055271,1.013017057755367,-0.1469635165329221,0.08490929716416215,1.8759575309784477e-08,0.8938759764094882,0.3021265174163839
38,1.110903936,0.5774754680029366,-0.1888957348844973,0.01658639391181794,1.0693990242926617e-08,0.8219343722177282,0.2532148724382427
39,6.674029807817261,0.4696777084462045,-0.2872805192265785,0.09964685854859702,8.697735418638255e-09,0.6531391237935824,0.23580048316683416
40,0.2553687129848105,0.0,-0.1994616367213138,0.003812792383805222,0.0,0.8038068331140241,0.24266716688772932
41,0.21324804,0.1910756353305202,-0.1234180364823641,0.003183908056981723,3.5384377226483265e-09,0.9342721126715848,0.28155519808579943
42,1.1068687667773085,0.8639985600014398,-0.2708793542431396,0.01652614666265489,1.599997347508286e-08,0.681278014744435,0.21099386788838448
43,1.03400362229384,0.9226609066897066,-0.1303704009472319,0.015438230822518434,1.7086313238191745e-08,0.9223441901291901,0.2828785544936584
44,0.258862064,0.90799712000576,-0.1999347435316489,0.0038649499953974653,1.6814761630528155e-08,0.8029951407154923,0.24244452725723517
45,1.12886584,2.177561453369122,-0.2762600965306477,0.01685457480981978,4.032521245661656e-08,0.672046468045422,0.20835578243511824
46,1.4138818,1080000.0711032671,-0.201166249211943,0.021110016554617906,0.020000001493881054,0.8008822905564855,0.25470869423695713
47,0.6385202560000001,0.3410986968034539,-0.1724800204736907,0.009533451222456406,6.316642589348178e-09,0.8500982250996699,0.2588428499138763
48,2.661407157473509,0.8425303323761228,-0.1350052421558302,0.03973624185051704,1.5602413700722192e-08,0.9143923591784645,0.29021220917447027
49,2.2729318901986817,0.6182739481865961,-0.1425068837638446,0.03393609694220064,1.1449517660427357e-08,0.9015220615274476,0.2840310606699698
50,0.20023936,0.1916616327121452,-0.4783416542232109,0.002989681460279137,3.5492895261078745e-09,0.32534238203499144,0.09879858825939594
101,1.855431075064992,7.961980658650627,-0.2592079237567302,0.027702584976038648,1.4744408757732244e-07,0.7013022697305383,0.22147175914280323
102,2.4872591978764023,1.3008342153687278,-0.2999080096359505,0.037136119046724064,2.4089522720205903e-08,0.6314745910624596,0.20429683216428435
103,0.8967503923891361,0.6939373870963801,-0.2646120507050322,0.013388966198372994,1.2850692467464164e-08,0.6920306028070983,0.2129647711766864
104,1.192421024,0.7864146430494428,-0.2526967889641792,0.017803487927148108,1.4563234259541903e-08,0.7124731903376353,0.2208633566411201
105,15.228612419687904,0.5630412491490582,-0.1856036836461444,0.22737138301339724,1.0426689891413056e-08,0.8275824265415624,0.3392232842958346
106,0.8621778544916576,0.1668571428571428,-0.346350612726603,0.012872779592568375,3.0899471173168933e-09,0.5517946814242609,0.17068751719128974
107,0.5740876,719999.7371289827,-0.2139894377115881,0.008571436975708198,0.01333332858345407,0.7788820056256232,0.24109317505300643
108,0.9789452185077202,0.144,-0.3793479507092005,0.01461617920873019,2.666666690287183e-09,0.4951823312589952,0.15440117186119062
109,1.8147239599428788,0.144,-0.3621386646354453,0.027094805829211418,2.666666690287183e-09,0.5247076866017648,0.16825022911221402
110,0.8165132228863838,0.87199904000064,-0.3944879149096555,0.01219098205535709,1.6148130513417412e-08,0.46920723729057334,0.14563856885375398
111,1.16247552,0.4537215851340402,-0.2685057505484582,0.017356385428780582,8.40225165098087e-09,0.6853503215343869,0.21254765315250382
112,0.060036768,0.108,-0.3698647413589808,0.0008963812720170488,2.0000000177153873e-09,0.5114523336667137,0.15379425320882095
113,3.158167670857136,1.187575110709856,-0.4158907945407669,0.04715314378758763,2.1992131874611713e-08,0.4324870837781739,0.14860738924612676
114,0.36336552,359999.61975336657,-0.2771382497240237,0.005425242861586693,0.006666659684113572,0.6705398520842082,0.20533205067513122
115,4.200378448765671,0.8639971200057599,-0.2363929167264425,0.06271391186243687,1.5999946808495956e-08,0.7404451596116199,0.24721911742844477
116,0.8282919113376854,1.8872717618480208,-0.1564269294409967,0.01236684421596957,3.494947738083141e-08,0.8776399380480616,0.2682387295856495
117,10.171716950312264,0.7954334510948071,-0.286972910343906,0.15186921085622537,1.4730249224824312e-08,0.6536668773290035,0.256847751960266
118,1.7434988982558606,0.8639985600014398,-0.2463380748476316,0.026031377308300664,1.599997347508286e-08,0.7233826082536097,0.2274273381993952
119,1.4128677876247755,1.2981692675498784,-0.5660270943251322,0.02109487680387808,2.4040171834234518e-08,0.1749036150634433,0.060909042452635766
120,4.455668825076253,0.882923544436905,-0.2975554374634679,0.06652553463751681,1.6350436152917986e-08,0.6355108148235366,0.21726346320719855
121,9.884282089176953,2.4010949772862475,-0.3717461055885063,0.14757765361506084,4.446472219545206e-08,0.508224544485463,0.21149843813107988
122,1.777485264,0.4987281006725632,-0.1663025683138018,0.0265388120482415,9.23570564981748e-09,0.8606966583729614,0.2688245251018967
123,1.007368697035062,1.3125263403105394,-0.1571223169002766,0.01504055704728219,2.4306043554379547e-08,0.8764468867065852,0.2689502961227015
124,1.0717606511239286,0.2466042269002916,-0.1379346812562296,0.016001963592581925,4.56674498304882e-09,0.9093664255038423,0.27921071445820894
125,4.02238870853777,1.2971438550650527,-0.2018387592444152,0.06005642920528467,2.4021182713976954e-08,0.7997284891962654,0.2639411256473483
126,3.390512696659242,719999.8756280082,-0.2868363482127629,0.05062218012504213,0.01333333114825086,0.6539011720830732,0.22041922301941405
128,2.9309132592484946,0.3280312616747508,-0.2215513017729984,0.04376011306099622,6.074653047784281e-09,0.7659083864696635,0.24727656298769343
129,1.4237919237088517,2159999.52168455,-0.3735150893085353,0.02125798003752869,0.03999999149661415,0.5051895625166826,0.1720600582190005
130,4.382096212007856,1.3144543182271642,-0.2710330206150675,0.06542705591048295,2.434174684944811e-08,0.6810143748574599,0.2304751421239552
131,5.6624051748968425,0.0,-0.2621127314117683,0.08454275808701013,0.0,0.6963185953439411,0.2427126818379864
132,3.37964099961958,1.4744450542506573,-0.3810388397135825,0.05045985983455954,2.7304538283534072e-08,0.49228133359496684,0.16786835220367535
133,4.083403421393845,1.3580255713170248,-0.3219092124435661,0.0609674117205607,2.5148621913814802e-08,0.5937279159197967,0.20250534700874986
134,0.557073952,1.792617920975028,-0.1878042745527057,0.00831741405035868,3.319662846024978e-08,0.8238069515914787,0.2504690610565756
135,4.54287783027218,1.286107744714413,-0.1206485320825511,0.06782761204129821,2.381681029826595e-08,0.9390236521124072,0.3088381475952845
136,3.2978999512146463,1.501662877135531,-0.1862859363612178,0.04923942196979604,2.7808572045125935e-08,0.8264119100099772,0.26761935013348315
137,0.4897017228977757,0.276,-0.4696440625136976,0.007311510394431101,5.111111156383768e-09,0.3402645284127738,0.10500396421493793
138,1.2117983186433243,2879999.513444049,-0.2883518284692318,0.018092801369547808,0.05333332479544819,0.6513011169212595,0.21862745306283143
139,0.6705278800000001,2.173572529010168,-0.2349505788217672,0.01001134228273739,4.025134348635199e-08,0.7429197270618542,0.22688046710705426
140,5.037760857849088,2.5751939938363764,-0.2907757927633081,0.07521648210437418,4.7688778086049184e-08,0.6471424082558295,0.22422932962513192
141,4.942328621083787,1.4955519507920754,-0.4051849639814393,0.07379162742560279,2.7695406741466968e-08,0.45085469357610064,0.1647730673516933
142,0.284325152,1.402201920231798,-0.5253839026181109,0.0042451276094043035,2.596670245651987e-08,0.24463368243934475,0.07508816356557588
143,2.127550916703252,0.036,-0.2650466284724667,0.03176548073000031,6.666666725717957e-10,0.6912850133066053,0.2200916964839817
144,0.67112496,1.1255888480560978,-0.291975712543267,0.010020257008624965,2.0844238111596648e-08,0.645083748894002,0.197533233724922
145,3.0480776567321355,2.12399856000144,-0.5210643403875719,0.0455094406006049,3.9333307015095716e-08,0.25204460054688715,0.09381716820430021
146,0.9599556160225092,0.8639985600014398,-0.2854052813360024,0.014332654218997373,1.599997347508286e-08,0.6563564022346632,0.20263998715798995
147,3.624761832350511,0.9028117422750804,-0.2032410390331659,0.05411964584837744,1.6718736116146485e-08,0.797322648019856,0.2608446577609286
148,1.139919072,1.287498346163759,-0.2502004292578478,0.017019605515004636,2.3842562177185647e-08,0.7167561052172485,0.22183468092394507
149,2.526115256622457,0.3507825015651681,-0.3461172568827976,0.03771626092518691,6.495972308746149e-09,0.5521950416820972,0.1807450188234956
150,2.014320489960721,0.5725266215449405,-0.2389107123842677,0.030074889491736066,1.0602344937337146e-08,0.7361254678382848,0.23286759932888335
151,1.334760992794785,0.5340514597764318,-0.2225879388837141,0.019928700301790534,9.889841935312888e-09,0.7641298653314706,0.23721044268710997
152,7.180022852063458,1.5810434673146545,-0.1532769444362556,0.10720160714254506,2.9278582987389873e-08,0.8830442544264854,0.3077939279685385
153,1.760646899836201,0.9890119754475803,-0.2826727634774685,0.026287406204945067,1.8315036744591582e-08,0.6610444851921959,0.20882831353414782
154,3.370612721854506,0.8961397805210035,-0.1809184488230122,0.050325062786404307,1.6595181267754353e-08,0.8356207160106568,0.2708162448963131
155,6.458070235264934,1.811374272502905,-0.1622026105211693,0.09642246585063045,3.354396830643525e-08,0.8677308090169236,0.29888823910851975
156,0.6845555011260043,0.4429708431025352,-0.2568520463715646,0.010220782219082746,8.20316383381917e-09,0.7053441641265579,0.21569156458654962
157,1.4160187209145696,2.3569941288470857,-0.1694802224429392,0.021141921934461166,4.364803980971514e-08,0.8552448710694612,0.2650302431890348
158,13.005884788079552,0.954572311516528,-0.2469724451233357,0.19418486268357973,1.767726518466365e-08,0.7222942419071626,0.29436222294876024
159,3.1880586508967936,0.1476432353096728,-0.2363961013158789,0.047599432213869745,2.7341340114342843e-09,0.7404396959256583,0.24117168248348558
160,2.190527456057461,0.4069708186005831,-0.216011776915404,0.032705754371205605,7.536496707507518e-09,0.7754123507334695,0.24570600922947208
161,1.933712056,0.985671970378859,-0.1806647173304797,0.028871362170461653,1.8253184798326654e-08,0.8360560340387589,0.26236536055576776
162,1.4255831823778458,0.9972580825555732,-0.2357037806025439,0.02128472449392955,1.8467742433129256e-08,0.741627485761028,0.23100214106620293
163,3.593882919441357,2.3286884309699687,-0.1631124414060488,0.05365860705241809,4.3123860214755137e-08,0.8661698447757129,0.28131440919083917
164,4.731704397301577,719999.6321744192,-0.3030386112416006,0.0706468943575019,0.013333326639851026,0.6261035300871629,0.22008981476110492
165,9.198876651076516,1.2890246322955168,-0.2253077851680148,0.1373441813793157,2.387082673543152e-08,0.7594635225397056,0.282776736474886
166,3.20762871697536,1.1386772032801518,-0.18946990858036,0.047891623837592115,2.108661506233714e-08,0.8209492829858936,0.26544144075678944
167,0.8544686025453028,0.0082207001484488,-0.4415668685252764,0.012757676310093651,1.5223518928268966e-10,0.3884355638632363,0.1216337397286789
168,0.789605112,1.1944638464514243,-0.1731381167723475,0.011789229471608537,2.2119701056141095e-08,0.8489691528659743,0.259406444284346
169,0.7819012592300439,1.016936204113473,-0.2313515576738828,0.01167420680174454,1.8832152094836712e-08,0.749094438657792,0.22939801996768105
170,6.08781218598901,0.9414354997388524,-0.1671539415399668,0.09089431381578901,1.743399089032962e-08,0.8592359878417082,0.2941285271090253
171,0.792670224,1.0161843509872213,-0.2371653526678458,0.011834993244125982,1.8818228888671684e-08,0.7391199189507515,0.2264699786283445
172,5.468522399644665,1.3568796635234763,-0.2531802747112044,0.08164798385961097,2.5127401398931494e-08,0.7116436911694011,0.2461523084328851
173,3.981580115218024,0.4747693959481531,-0.3300242352761701,0.05944713493432758,8.792025928768794e-09,0.5798052620850906,0.197720435236866
174,3.5095806708340658,0.91199424002304,-0.2099665189720653,0.05239992908959868,1.6888782372244547e-08,0.7857839831272139,0.2566951716406383
175,3.177141064195195,0.3316450189851565,-0.2172455966128974,0.04743642676602593,6.1415744800512315e-09,0.7732955304980874,0.2509632316983089
176,6.953511765357663,2.091169114370077,-0.2235257618337832,0.10381967465698382,3.872535431283356e-08,0.7625208761072388,0.2702841443125715
177,1.5377073250587276,2.1005982633830302,-0.2937497486805597,0.02295879831549353,3.889996818499048e-08,0.6420400986739989,0.20179556059838755
178,3.9634443589056194,2.354866013891595,-0.2723627224368053,0.05917635832769372,4.360863027315327e-08,0.6787330530978891,0.2272904723430333
179,1.504201587726172,1.490107387812227,-0.3652243594958709,0.022458539616523835,2.759458150020633e-08,0.5194136705198099,0.16480752528092696
180,5.798450878918947,0.2503914348146561,-0.2817605020662579,0.08657399369955658,4.63687846356568e-09,0.6626096194003236,0.23341248469098325
181,5.559702332125469,8639999.506434781,-0.320709712447371,0.08300934934583389,0.15999999227713427,0.5957858550736655,0.2599394939435735
182,6.365256289855648,0.6207063642966042,-0.2046405955901544,0.09503670367157883,1.1494562403604278e-08,0.7949214789945814,0.27649112861537467
183,3.5640732826739674,1.242717152877716,-0.2305319362808374,0.05321353312498883,2.301328081269118e-08,0.7505006337069352,0.2464356102660603
184,4.411441615706198,0.7825794302651642,-0.1648793627551535,0.0658651985882329,1.4492211799944684e-08,0.8631384011428129,0.28528760412580056
185,0.9234069399992212,1.0079985600014398,-0.4121223450405329,0.013786962806956439,1.8666640165370043e-08,0.4389524775259932,0.13720053398057258
186,5.018600029512607,1.5605764176200458,-0.2113385380465278,0.07493040062048825,2.8899563545243585e-08,0.7834300591737768,0.2650011866701974
187,53.92280163030169,4.126719507923754,-0.3106573212843576,0.8050964621562043,7.64207323051291e-08,0.6130323823183442,0.5059483224842047
188,0.8100590879999999,1.1047200850391246,-0.1517455892453303,0.012094618346384176,2.045777953378512e-08,0.8856715456443945,0.27053931716920593
189,3.2181427384773413,1.8986620776327687,-0.3011747144931814,0.04804860383971282,3.51604091564914e-08,0.6293013509371072,0.20800985736514002
190,10.42385810228364,1.361708477076499,-0.1581775405568189,0.15563381401627466,2.521682387292769e-08,0.874636477297852,0.3246444763609126
191,1.3178608588291516,2.5811208651391744,-0.2467463328584257,0.01967637220209381,4.779853496299912e-08,0.722682174616295,0.2246752156052865
192,0.58045964,1.1206549200433236,-0.1831775594623321,0.008666574963824806,2.075286907351373e-08,0.831744840852403,0.2529900884671115
193,4.725698884727846,0.7622047031655598,-0.1753766521572058,0.07055722882120995,1.4114902035498806e-08,0.8451285779343912,0.281761469143272
194,1.1715170385423328,0.1120004799118864,-0.430219967412087,0.017491380168869555,2.074082979702821e-09,0.4079030354347098,0.12936746332018564
195,2.547812536196524,1.4249012644411507,-0.1745681037445013,0.03804021299175904,2.63870606863424e-08,0.8465157754680146,0.26917082575322615
196,0.519442304,0.4276706739264464,-0.3273900315457712,0.007755553283597587,7.919827365085597e-09,0.5843246710165214,0.17839962499434367
197,0.70125584,2.535312424328411,-0.3060278056498677,0.010470127270485047,4.695023049602651e-08,0.6209750763724384,0.19048058790499467
198,0.46324856,1.201587408060418,-0.1329683417369005,0.006916550429111476,2.225161886488354e-08,0.9178869962255208,0.2781327257147865
199,3.635789891577925,0.118835234599427,-0.228466222183469,0.05428430071051374,2.200652512074687e-09,0.754044705349418,0.24792713254922663
200,2.459229538368489,5.452471844035346,-0.2483400318657281,0.03671762113817729,1.0097170170984576e-07,0.7199479223470053,0.23067145545088302
201,1.6536329855009917,1.6433930154193384,-0.1627571421491059,0.024689630844097553,3.0433204258815004e-08,0.8667794189770658,0.26990968716072
202,1.1492610021447924,0.9644214412774934,-0.2035627066868566,0.01715908556206985,1.7859656478148946e-08,0.7967707743548597,0.24589487188918277
203,12.56160338394602,0.1467643154104691,-0.2547300962139862,0.18755150210409724,2.717857716860416e-09,0.7089847179620651,0.2877160170456157
204,1.9781315440497207,1.742882335754809,-0.1527293973793289,0.02953456904396215,3.227559909616161e-08,0.8839836612881856,0.27700893568672025
205,0.8866164080000001,0.6547710262988086,-0.2838202570917158,0.013237660354971587,1.2125389483306846e-08,0.6590757715239468,0.2030177992367895
206,10.469195048734155,5.382844908304704,-0.2353416657164583,0.1563107190376889,9.968231399970916e-08,0.7422487532930315,0.2851989435076792
207,11.271413450197327,0.4521004006201963,-0.2274046326984444,0.16828827171239386,8.372229715273391e-09,0.7558660363819295,0.2940751221112053
208,2.41465201692809,1.55329435787328,-0.2182671796894303,0.03605205474106357,2.876471058577566e-08,0.7715428370268114,0.24588368163388202
209,2.8877159885875523,1.467050805372945,-0.1373972545673872,0.04311515455119236,2.7167607747548732e-08,0.9102884692127302,0.29033261073457833
210,1.041039288851762,1.2463046829602984,-0.108321503275243,0.015543277112463252,2.3079716555549694e-08,0.9601726936412932,0.2942691258612882
211,1.998581883940876,0.8659985177417342,-0.245491456528986,0.029839903629674938,1.603700972986081e-08,0.724835120960446,0.22938650255110668
212,0.28609468,0.4616060480820772,-0.150100755301008,0.004271547615216571,8.548260225385966e-09,0.8884935282924736,0.2682566800983068
213,0.952569232,0.5709144476547189,-0.3745151362692932,0.014222371528468409,1.0572489865031558e-08,0.5034738177873956,0.156731097119353
214,3.1846879183486467,720000.1009431469,-0.1464800965606705,0.047549105362012276,0.013333335320753465,0.8947053627303007,0.2914312515601212
215,5.084420394776719,2.7786221059229392,-0.2091556833959972,0.07591313411373811,5.145596538028005e-08,0.7871751046650491,0.26651780048179957
216,5.418811813935445,0.8891399771486167,-0.2418042542607023,0.08090577804915257,1.646555527822863e-08,0.7311611217442766,0.2517106526826106
217,2.505947241850122,1.0485901276067766,-0.2626387857936207,0.037415141605511265,1.9418335868423457e-08,0.6954160626945769,0.22359088127607832
218,0.343968384,0.1346033970365426,-0.3112471764342875,0.005135633177048583,2.492655522755893e-09,0.6120203889777835,0.18566037071195116
219,4.003206158782531,1.0671409561762426,-0.2225725844538606,0.05977002340892116,1.9761869733863893e-08,0.7641562083764736,0.25315487780507145
220,2.8723332372448502,0.465297556357413,-0.1548772971740327,0.042885481791064876,8.616621490349559e-09,0.8802985865902871,0.28124377127849853
221,0.46710236,0.9817093715503938,-0.1570703738363399,0.006974089738124568,1.8179803337890272e-08,0.8765360035597625,0.2657504424171196
222,1.5972822630784094,0.3851428571428571,-0.2248266040895123,0.023848284217239925,7.13227519545064e-09,0.7602890676707539,0.23762603612780467
223,1.3129419684851726,0.549108741677603,-0.4350763795196363,0.019602930520765324,1.0168680491508148e-08,0.39957106323366703,0.12771249422901038
224,9.505895107167856,1.776032367773251,-0.3546089609529086,0.14192813223762749,3.288948858342225e-08,0.5376261293483061,0.2180591015663894
225,1.9356754148190132,0.5577730665903493,-0.1603986422677484,0.028900676174766694,1.0329130954276523e-08,0.8708258126958126,0.27280801737738974
226,0.6001746480000001,0.4512701017804732,-0.0851075740704276,0.00896093064847569,8.35685381069788e-09,1.0,0.3035843747664464
227,3.628253457573263,0.8849855922873844,-0.3592029407782361,0.05417177769295937,1.63886222245614e-08,0.5297444028084025,0.18059203683629116
228,0.3919192925216636,0.36,-0.2545216656315717,0.005851566059628503,6.6666667257179575e-09,0.7093423148422443,0.21514332287652468
229,0.473163808,0.5046501646120694,-0.1526907614259544,0.0070645904204481936,9.345373501520479e-09,0.884049947608693,0.26804082325439926
230,2.6819523301158443,0.0713846153846154,-0.20145539775996,0.04004299234026602,1.321937333646638e-09,0.8003862087556218,0.25613305995937413
231,0.5536091765428718,0.2278802153517006,-0.2655381617767616,0.008265683087234315,4.220004025373958e-09,0.6904417072327849,0.21043878667073038
232,3.396749699054766,0.1297003937005905,-0.28679921510388,0.05071530192901521,2.4018591638784603e-09,0.6539648800271477,0.21647558550030813
233,14.622649900338828,1.451546210781664,-0.337356043624231,0.21832403632929892,2.6880485622944732e-08,0.5672263412714194,0.25749752497729106
234,4.045800837225038,1439999.7190328564,-0.2657545079893001,0.06040598489244824,0.026666661699776533,0.6900705297896947,0.2391835514038207
235,5.557189961112427,2.54282146678501,-0.1511063070427006,0.0829718382938657,4.7089286839047105e-08,0.8867683392078264,0.29921925120668025
236,4.648734281286034,0.9503024543032608,-0.4010451408895598,0.06940810585154145,1.759819375408794e-08,0.4579572396852242,0.16515041952564197
237,1.2301856000000002,7.489136327595936,-0.1657734166270912,0.018367333380522027,1.3868771099874836e-07,0.8616045049572647,0.2658283264457015
238,0.589809344,0.208874883402883,-0.1326768638548057,0.008806171078733969,3.868053430611717e-09,0.9183870743813795,0.2790385919063234
239,1.6879040158257308,2879999.697637424,-0.3481299188283685,0.025201315779499547,0.053333328206436645,0.5487419897150853,0.19070312168825637
240,5.073980639483276,0.7959670842841632,-0.2771623125533284,0.07575726294609825,1.4740131321011032e-08,0.6704985683503724,0.23145248010559039
241,0.5483478130037232,719999.6196857435,-0.3197111988179066,0.008187128096703076,0.01333332640857925,0.5974989691214061,0.18652453989767684
242,0.33143064,719999.6040493798,-0.3082727942284438,0.004948437908393479,0.013333326119016957,0.6171234299276737,0.19111640197736457
243,2.2659532331766417,359999.71818706254,-0.2901815552601531,0.03383190183532236,0.00666666150695981,0.6481619202427567,0.20998133525904386
244,4.409949397241269,1.4362790906235203,-0.2002444799352523,0.06584291896309186,2.6597761173067417e-08,0.8024637370686594,0.2670762966851629
245,1.3873971079016851,2.407633620532279,-0.3121837603363281,0.02071458584135787,4.458580818256222e-08,0.6104135255438472,0.19140990537543975
246,4.802213949676611,0.5005691055793968,-0.1451765112596561,0.07169963993913091,9.269798333579344e-09,0.896941877311272,0.29776242194997343
247,0.9764142941705723,1.522525171955941,-0.2453916114402014,0.014578391145643391,2.8194910841518564e-08,0.7250064216008654,0.2233332913969902
248,4.156749035928128,0.413894253488392,-0.153479850557646,0.06206250123725675,7.664708465824824e-09,0.8826961356660906,0.28963384349414245
249,1.05029096,0.8591575447267514,-0.2059370960600651,0.015681409544111492,1.591032504327603e-08,0.7926971196044171,0.24408170447206723
250,1.575139285054754,0.9085387017640548,-0.1708541387580177,0.023517677632836687,1.6824790922437265e-08,0.8528876920882957,0.26527338372706066
251,5.251753252567868,1.4411699515373508,-0.4026384341842168,0.07841150377809243,2.6688332672273937e-08,0.4552236834825795,0.16793171456251063
252,5.013448748267172,1.0616630983915218,-0.2853480620275385,0.0748534892178741,1.966042792213719e-08,0.6564545713514774,0.22687777299072126
253,0.981273079848324,0.2605740694083688,-0.2374650735546467,0.014650935431942768,4.825445772526927e-09,0.7386056985671445,0.2274420851905542
254,8.478175188467672,1.461960439823505,-0.1639421138624176,0.12658372049311573,2.7073341718020422e-08,0.864746405477452,0.31005741796248437
255,1.7725246678023436,1.564706341351339,-0.1851968270978992,0.026464747676061804,2.897604361501904e-08,0.8282804557398099,0.2590700444851808
256,4.63494592532756,0.9697207673411896,-0.1998962009671195,0.06920223827297557,1.7957792146864426e-08,0.8030612668121051,0.26859928074015943
257,12.355265285749368,1.0688742700318363,-0.3298605864424607,0.1844707631987802,1.979396813888143e-08,0.5800860285239767,0.24781411977489554
258,3.417634884216156,3599999.8982185097,-0.2545689532797238,0.051027128988747644,0.06666666537233715,0.7092611851190803,0.2531892067429243
259,2.633795051634167,0.6999521360688998,-0.2018115450632082,0.0393239782430667,1.2962076708682619e-08,0.7997751795916167,0.2556621490633347
260,1.3714321182136235,1.3170746917282972,-0.2276183527766876,0.02047621994923783,2.4390272285084098e-08,0.7554993645033303,0.23484030464777592
261,0.5752790373842782,1079999.8811921268,-0.1846519504406713,0.008589225777364675,0.019999997977008053,0.829215281092453,0.2582002740317842
262,3.816709231741224,0.7693023623208657,-0.1515687907300605,0.0569855238720947,1.4246340169168709e-08,0.8859748725206545,0.2885866755789363
263,1.8717025625301935,0.3167039122382913,-0.5175605455341492,0.0279455270449999,5.864887315621435e-09,0.25805593580228964,0.08859499331815304
264,17.71737182695979,0.981647250985919,-0.3142241784648273,0.26452990099415813,1.8178652957056474e-08,0.6069128532885558,0.2878858218378259
265,0.8653834556822497,0.3216682428840377,-0.137466017210773,0.012920640944345379,5.9568193654310455e-09,0.9101704956098989,0.2782194068477536
266,2.422532098447982,2.8830728958723637,-0.2240398702738458,0.03616970860105149,5.3390239285365556e-08,0.7616388386820656,0.24295955106211206
267,1.0336597440225093,1.8203321198943063,-0.6641958375273214,0.015433096534772057,3.3709854370708345e-08,0.006479020680181568,0.008116954930919604
268,0.30430544,1.789447326378121,-0.1782552700598785,0.004543444067290693,3.313791374497217e-08,0.840189836367297,0.2538743384784795
269,1.3930165826231422,0.676697448522742,-0.188902969509907,0.02079848762465985,1.2531434342902235e-08,0.8219219600301989,0.2548959868183539
270,4.693348308037868,1.7865132174477143,-0.1353842325626462,0.07007421729261055,3.30835783939278e-08,0.9137421389203558,0.3021523385182245
271,0.6688906597141999,0.92399712000576,-0.3758959954063524,0.009986897702336966,1.711105792944895e-08,0.5011047272553859,0.15432618239086793
272,0.954915552,0.6503244688105982,-0.344382300340854,0.014257403349404523,1.2043045825388392e-08,0.555171644440957,0.17225445828496266
273,0.8835815304043637,0.989088029096669,-0.2862902071272326,0.01319234799839049,1.8316445145513106e-08,0.6548381667700381,0.20172839472530119
274,2.38775953040064,719999.5428551416,-0.2229917648673766,0.035650535437406566,0.013333324985790313,0.7634370355642637,0.2472913223399788
275,3.658572871492395,0.8639980800025598,-0.3138129780197491,0.05462446286774498,1.599996458621463e-08,0.607618335154916,0.20413529049356216
276,1.189893648,1.5230499691407493,-0.1972761989665589,0.017765752842645467,2.8204629307989985e-08,0.8075563103446366,0.24937320270183796
277,2.001851780334801,0.317551446405363,-0.1529394336302371,0.02988872494345636,5.880582392928452e-09,0.8836233096201181,0.2770424846275927
278,3.4408804638785524,1.1955180039996622,-0.1761015403894803,0.0513741980092944,2.213922249239249e-08,0.8438849131739838,0.27371515979767963
279,10.26096225172274,0.2985589571782087,-0.2385824768591649,0.15320169125889904,5.5288696263472676e-09,0.7366886097648729,0.2822872610916824
280,6.645631692500857,0.6556069290203211,-0.2437754664610628,0.09922285939644071,1.2140869163471971e-08,0.7277791836195798,0.258022902486711
281,0.5547019360000001,0.4013054816769273,-0.2580751551660331,0.008281998574306991,7.431583059843857e-09,0.7032457202036213,0.21428651772028412
282,2.935346715149038,0.330295221854574,-0.2466745623313556,0.04382630694471029,6.116578236670887e-09,0.722805308737362,0.2343721172340662
283,0.0611284799999999,0.12,-0.3583427070784992,0.0009126811199908135,2.2222222419059857e-09,0.5312202749366074,0.1597311555956452
284,1.9483733609542184,1.104788820390804,-0.1687436953875068,0.02909026334755853,2.045905241067935e-08,0.8565085041416298,0.2685886627192281
285,7.954848013980533,1.3545962791251525,-0.1992169264886186,0.11877016400140268,2.508511650229169e-08,0.8042266736899417,0.2887760752330785
286,63.813449454343406,4.445862821635648,-0.4018750829667166,0.9527691596203178,8.233079372251369e-08,0.45653333780824046,0.5180676898898374
287,1.1033855888697242,1.3156107828139845,-0.1532182478475303,0.01647414094103673,2.4363162860504847e-08,0.8831449580600991,0.27153315110339327
288,14.38356987840033,4.130175764389573,-0.1577470869655505,0.2147544428731839,7.648473705506306e-08,0.8753749910971055,0.3485142974238263
289,10.795164241047123,1.0564611567599116,-0.2915711081878212,0.16117761459149132,1.9564095668846682e-08,0.645777914085781,0.25820442593155957
290,7.175574712960724,0.7206184077085279,-0.2822712260477619,0.10713519403071638,1.3344785446139722e-08,0.6617333885694017,0.24137409818654268
291,17.065791719686153,2.5538142849523453,-0.2271859754635715,0.2548014591603314,4.7292857547652775e-08,0.7562411787632126,0.3287929514809536
292,9.86932672062856,1.1704245456585023,-0.5326525988911608,0.1473543619101694,2.1674528815291932e-08,0.23216304075085809,0.12859066349168383
293,7.747756639245877,0.4860767012647289,-0.2017617456425622,0.1156781782717843,9.001420473523099e-09,0.7998606186728277,0.28622945961098817
294,18.35029139870568,1.6290927569306244,-0.2320496340373715,0.2739797309851074,3.016838465482646e-08,0.747896774059734,0.33396093366247853
295,2.2709090224919843,0.6589457440952783,-0.2466090533275023,0.03390589443816092,1.2202699072815144e-08,0.7229177001874566,0.23043767149231106
296,1.9669840469053967,0.9671612529910244,-0.2352223727562729,0.029368130909417072,1.791039373255264e-08,0.7424534199494094,0.23448328372170776
297,2.3005975273177883,1.0510216324959976,-0.3341614987972545,0.034349159800480866,1.9463363737141206e-08,0.5727071073398461,0.18555180196115528
298,3.200062312985413,0.1120391689181019,-0.3351164715586018,0.04777865335202061,2.074799442787232e-09,0.5710686947990468,0.19043207040296212
299,2.2817008828655343,0.1596782738726928,-0.3748701141086178,0.034067022724231774,2.9570050979087782e-09,0.5028647950307311,0.16448624848601356
300,2.4271453619874888,3.159934302943514,-0.3100025420487626,0.03623858710962964,5.8517302424689704e-08,0.614155763585827,0.1987421814747907
301,0.7530930296292805,0.587764705882353,-0.4606856068160381,0.011244084422503681,1.088453168682579e-08,0.35563422978575704,0.1111879059700881
302,10.70714541044066,1.5366679435664463,-0.3432649740210361,0.1598634460582939,2.8456814021810743e-08,0.5570886011633374,0.23107196730936297
303,1.7022975022914155,1.6147602552332896,-0.1848709696395563,0.025416218282360303,2.990296795437669e-08,0.828839517702487,0.25881835159458055
304,3.705840807650278,0.91216925799818,-0.2035351959465642,0.05533019860519879,1.689202344588696e-08,0.7968179735460054,0.26117747657348817
305,0.63939288,1.4064143443815795,-0.2013278107899266,0.009546479968625964,2.6044710311836423e-08,0.800605105147442,0.24400013134509607
306,11.844371457657818,1.1316250463045294,-0.3657092760261219,0.1768428432632773,2.0956019561631802e-08,0.518581716608074,0.22631165857453894
307,5.172555024788886,1.8919919684058528,-0.3269502070896669,0.07722903159441293,3.503688861415811e-08,0.5850792620727259,0.20641540177064951
308,0.6770367096292805,1.132306252309132,-0.5145932244017621,0.010108522613671206,2.09686344877547e-08,0.2631468623215163,0.08298747403251372
309,5.165192570203874,0.5946745935257837,-0.1328481910957905,0.07711910618327018,1.1012492570244981e-08,0.918093134374322,0.30627558608935246
310,2.318293245070706,0.3596218517801152,-0.1984027194418504,0.034613366394490315,6.6596639808432474e-09,0.805623579539225,0.2555324224174628
311,0.8404591094377944,0.6475594811741611,-0.3584632855991759,0.012548507034825162,1.199184235018601e-08,0.5310134026901686,0.16432342721853335
312,5.708084678941534,1440000.1389795763,-0.1892880397057101,0.08522477767774973,0.02666666947656771,0.8212613088960223,0.28846830458287687
313,0.5493020353178858,2.021267417708212,-0.3027426824413043,0.008201375149638307,3.7430878437258875e-08,0.6266112445238606,0.19126393464627703
314,3.131862702465023,15.652602686603212,-0.3294790051589248,0.04676039644603036,2.8986301528239206e-07,0.5807406938564177,0.19292645369424202
315,0.5156416800000001,0.5200584224029745,-0.2227410242362019,0.00769880792089621,9.630711611286902e-09,0.7638672222787255,0.2322396927411896
316,2.5505957285666745,0.7246935723164979,-0.3689436668842583,0.038081767552408,1.3420251458066879e-08,0.513032588132052,0.16914248748665422
317,3.199668709756153,1.5246011775246897,-0.1439574069684106,0.04777277664387879,2.8233355389428516e-08,0.8990334508515486,0.2888191543830227
318,1.7489039757770186,1.093143236981354,-0.2971242701738314,0.026112078025963652,2.024339345674226e-08,0.6362505530895015,0.20132000321025395
319,7.231316231691768,2.185511211306548,-0.2683404584717841,0.10796744491844396,4.0472430197502525e-08,0.6856339072263343,0.24887716227700693
320,3.344140290216319,1.53391221443575,-0.2604984384929637,0.04992981512841542,2.8405782000419896e-08,0.6990881798491176,0.22969838852783606
321,10.262523571065492,0.9376148009106956,-0.4043842293127743,0.1532250025973522,1.7363237207700004e-08,0.4522284853491169,0.1969585518526471
322,12.810406491797668,2.209328943095921,-0.2497472604967938,0.1912662664681259,4.091349930862e-08,0.7175335906192005,0.2917665960470603
323,56.23493228258792,0.2092673902065247,-0.2883873762673844,0.8396178177222792,3.875322075187984e-09,0.651240128837988,0.5312191669029047
324,1.1750956007746145,0.0586666666666666,-0.3308950710528018,0.017544810029813514,1.0864197627095918e-09,0.5783112003535317,0.18051128444391085
325,3.682651588165181,0.9938905031772396,-0.1142344364968206,0.0549839710724453,1.8405379851496612e-08,0.9500280860302088,0.30700201975965474
326,3.3319779774428926,1.4956311581772832,-0.1671127683545274,0.04974822525011762,2.7696873544909737e-08,0.859306627200336,0.2776912865692099
327,3.450834685587701,4.212212526331461,-0.3065225113448869,0.05152281989909343,7.80039363637398e-08,0.6201263275415494,0.2066470496232831
328,2.605595509687152,1.1062029816850305,-0.1382030690236886,0.03890294389823383,2.0485240583026623e-08,0.9089059622301237,0.2882329723739028
329,5.11079838450842,1.7301743978718866,-0.1845334565727495,0.07630697170321253,3.204026691106002e-08,0.8294185767748733,0.27934837132582707
330,2.4634919441795056,5.82670806326408,-0.3486759626023807,0.03678126115195571,1.0790200212731991e-07,0.5478051619820044,0.17905408542598422
331,3.7432486134228458,2.114098645465131,-0.2086343436001203,0.055888717286980284,3.914997526279943e-08,0.7880695486682242,0.25877636326025194
332,0.256601808,0.0,-0.1892733990252408,0.003831203156321048,0.0,0.8212864273867874,0.2479184094785646
333,3.8973846094401767,0.7482687174487042,-0.2622630495670069,0.058190050699425636,1.3856828223641467e-08,0.6960606998723412,0.2320942343985211
334,1.1782133920225093,0.9314220214189166,-0.2629451543124824,0.017591360331866278,1.7248556104984584e-08,0.6948904372068918,0.21550368046938087
335,5.950156636807321,1.510153365154467,-0.2428741548331361,0.08883904234821621,2.796580330612857e-08,0.7293255316769631,0.2543332848321164
336,4.286529784276419,1.3232054223011749,-0.2585495410292346,0.06400019768833429,2.4503804333735613e-08,0.7024318333799272,0.23632963644045318
337,0.73902768,0.4360859089069395,-0.2858476926029371,0.011034081179290138,8.075665051289904e-09,0.6555973730798272,0.20109284681836373
338,7.471776082033101,1439999.6034294246,-0.2738567893514145,0.11155763995555844,0.026666659558972218,0.6761697360392585,0.2554739746616926
339,0.944225568,3.806649119353195,-0.2201147277223372,0.014097796132444378,7.04935028346542e-08,0.7683730650821401,0.2361510591256706
340,1.8924585952321435,0.1373470292491873,-0.3340676663261187,0.02825542578897295,2.5434635271438e-09,0.5728680923476553,0.18316259878292485
341,5.10084381188723,1.8032755281789052,-0.3600848748906808,0.07615834457410776,3.339399155836606e-08,0.5282313000598492,0.18893273786579534
342,4.278988777838022,1.8011342511640236,-0.388615221561326,0.0638876064018823,3.335433827996146e-08,0.4792828067933071,0.16933989460504653
343,0.2047167359999999,1439999.581382713,-0.3223623340792696,0.003056531094726123,0.02666665915069978,0.5929505113691195,0.1871077635938362
344,0.9811868061103096,1.2947988526766492,-0.2764418407834624,0.014649647318581585,2.3977756743436678e-08,0.6717346559445097,0.20738026290411254
345,18.13902058428869,1.1534207826482583,-0.2565193804202576,0.2708253439706836,2.1359644312313078e-08,0.7059149071765998,0.32010461614914665
346,12.00665527713446,1.3422843832605904,-0.2477764627780556,0.17926582806702715,2.4857118428706188e-08,0.7209148176326329,0.2879807839737363
347,7.1680881857325005,4.63502983292631,-0.2241297027303549,0.10702341614820568,8.583388655522194e-08,0.7614847163559924,0.27125480711624594
348,14.745228465495943,3.093455143041478,-0.3077683287813401,0.2201542003074391,5.7286206860043625e-08,0.6179889232154284,0.2734583742734662
349,1.3352400795062076,2.0322174411706984,-0.2833891361706498,0.019935853324348166,3.763365665132329e-08,0.6598154302370173,0.20591898169094144
350,0.24933012,0.2590120265868625,-0.2825529779497452,0.0037226329391642702,4.79651905335392e-09,0.6612499969290451,0.19986405369333493
351,5.016989530981601,0.9618259171618008,-0.2315786266276316,0.07490635501027477,1.781159121632148e-08,0.7487048645919063,0.2545740067251592
352,5.107031463331014,1.2534628046984406,-0.2368984430588587,0.07625072954179919,2.3212274366689444e-08,0.7395778462009562,0.25237365264068884
353,2.552299634605048,0.2219676589091921,-0.4325570463007625,0.03810720778700016,4.110512238431733e-09,0.4038933929453876,0.13641090223157
354,1.857936338791634,1.4512248017663352,-0.401059651642768,0.027739989912394073,2.6874533604089625e-08,0.4579323441060045,0.14847570725911907
355,4.139411578617951,1.5112501834924088,-0.3939730472505078,0.06180364366455667,2.798611475701111e-08,0.47009057728072084,0.16574863904587336
356,0.45720528,0.9489173169461168,-0.1995110819434917,0.006826321004810102,1.757254306206177e-08,0.8037220017184306,0.2438471341892161
357,9.122014781639995,0.5000120891713951,-0.1800925919907704,0.13619659228366157,9.259483214821277e-09,0.8370376089793534,0.3055899223851156
358,2.138914948412045,2.781004655849919,-0.2202735599924931,0.03193515184218226,5.150008667561493e-08,0.768100562248719,0.2432042448615146
359,0.7647144822114195,1439999.570047476,-0.2018887928676866,0.011417598966928583,0.02666665894078798,0.7996426483020038,0.25245983175960895
360,4.814761107653503,12.633733271357324,-0.3264559244541086,0.0718869757635298,2.3395802561598263e-07,0.58592728507566,0.2045330460155176
361,1.996935591865159,0.2082610187784927,-0.1244786687259582,0.029815323602566505,3.856685567096389e-09,0.9324524239438886,0.29166185778119885
362,7.34683223235092,1.326011421740781,-0.2921242017011682,0.10969216100591177,2.4555767286781183e-08,0.6448289913675833,0.23732556917936987
363,0.5870147308799786,0.3814733041637814,-0.1583060586527366,0.008764446000140126,7.0643205100510195e-09,0.8744159834067233,0.2658305755413692
364,3.4557564719072067,2.097621672064599,-0.1986408844189109,0.05159630481889582,3.884484612304979e-08,0.8052149684238205,0.26220302410815827
365,7.446662139503475,0.7208322334159435,-0.3146805236889344,0.11118267527141573,1.3348745181497307e-08,0.6061299181427867,0.22631204955602585
366,7.439076330119823,2.7496610097030336,-0.334935033450586,0.1110694150528677,5.09196487788646e-08,0.5713799816582997,0.21584177579453165
367,5.381076747411756,0.8472282853975596,-0.1339367355997517,0.08034237318814885,1.568941283151941e-08,0.9162255575818782,0.30700462125664685
368,1.0769218103918892,0.1108263983879284,-0.2262199899978393,0.01607902247939104,2.052340729066568e-09,0.7578984854062342,0.23380115522932887
369,2.622245805129789,1.233926123874067,-0.1655626527558423,0.03915154177426091,2.285048397784827e-08,0.861966104977473,0.2742504550580914
370,26.945006544080545,1.7878787355922872,-0.2323293965097901,0.40230345578380605,3.310886576719943e-08,0.7474167956123811,0.3851464309298965
371,0.54681676,1.19581954357712,-0.3090333971983521,0.00816426865098803,2.2144806558691168e-08,0.6158184906719101,0.1880112613054102
372,0.49178592,0.0604444444444444,-0.4821429594011592,0.007342628579367807,1.119341573700792e-09,0.3188206189784521,0.09858323746108522
373,0.8400835608994462,0.4370812463554105,-0.1198633367213872,0.012542899892939897,8.094097226424856e-09,0.9403707836524666,0.2871283974811451
374,0.2983450079999999,0.1615891806790417,-0.3409122669090301,0.004454451608237414,2.9923922613027623e-09,0.5611250564353184,0.17011929847160814
375,12.791216324289154,0.5422377197817483,-0.4336494803765406,0.19097974693460432,1.0041439344161553e-08,0.40201914295397817,0.19699764467246697
376,1.8839320447501773,0.401544277627852,-0.1650287856096316,0.02812811979930105,7.436005207122374e-09,0.8628820417066404,0.2701158626625141
377,1.7875838589967408,10.33293921013249,-0.3084399534827393,0.02668958950895963,1.9135072780849074e-07,0.6168366407860001,0.1957268854446022
378,2.173093442816853,2159999.8479888467,-0.2105619867312979,0.0324454551664753,0.03999999753928636,0.7847623604340264,0.2604068894585839
379,1.872387243977586,720000.2165675773,-0.1715696830123951,0.027955749707664554,0.013333337461946641,0.851660058455882,0.2706803186584144
380,0.9958984620986436,0.9430764030070314,-0.3823978959140163,0.014869300263728468,1.7464377988157654e-08,0.48994964957991655,0.15293262021877974
381,3.410441118504884,2.1680721860309857,-0.2789558845324386,0.050919722193317515,4.014948528213157e-08,0.6674214011867198,0.2205943212781885
382,2.25002554384571,0.8836640824488735,-0.2302186498297994,0.03359409285761801,1.6364149819927762e-08,0.7510381280429193,0.2387490804651679
383,0.096202128,0.144,-0.3322759981632895,0.001436349569440296,2.666666690287183e-09,0.5759419932019466,0.1733571385883601
384,0.096202128,0.144,-0.3322759981632895,0.001436349569440296,2.666666690287183e-09,0.5759419932019466,0.1733571385883601
385,4.011988187901102,0.2104059711408691,-0.3635042408898045,0.059901143832195705,3.896406907492235e-09,0.5223648163638709,0.1806699036109616
386,1.151748264,1.3697871902637166,-0.1630662386291807,0.017196221720791962,2.5366429674016146e-08,0.8662491132240965,0.2667532302654746
387,5.003871424777908,0.0,-0.3996203232417817,0.07471049462143238,0.0,0.46040174825861896,0.16800472232615865
388,0.434741648,0.7022677831232743,-0.325039301673285,0.006490926883889353,1.3004959061921243e-08,0.5883577340095217,0.17910369485789995
389,0.256601808,0.0,-0.1892733990252408,0.003831203156321048,0.0,0.8212864273867874,0.2479184094785646
390,0.328282176,0.0190865083675023,-0.1639104455050181,0.004901429645636565,3.53453861788236e-10,0.864800737743261,0.26140079328726906
391,0.69201636,0.3739299905675304,-0.1838741254103782,0.01033217685924412,6.9246295162905125e-09,0.830549767619987,0.2532978031070826
392,0.34213456,719999.6746060565,-0.3553196607713538,0.0051082531973372265,0.013333327425622094,0.5364068071409988,0.16696534164892116
393,3.860730429888033,0.107581462037113,-0.3540197450202027,0.057642784062892305,1.9922493146303077e-09,0.5386370260067848,0.18464822202486714
394,10.4805470061851,0.6463015996855799,-0.174416545102333,0.1564802098747,1.1968548248339286e-08,0.8467757991985813,0.31662482730001884
395,2.8832305875851105,2.5987226002994754,-0.4176235746807613,0.043048185099137985,4.812449302441045e-08,0.42951421499413694,0.1460735529752442
396,0.1902862984625959,0.0,-0.4634699883262065,0.00284107689246892,0.0,0.35085716621988766,0.10639358062295386
397,4.6589617411612805,1.128773027309691,-0.2866886191523757,0.06956080733428077,2.09032043945929e-08,0.6541546255374288,0.22407071686590224
398,1.3312821290118515,1439999.8081664348,-0.2437677573157406,0.019876758992376276,0.026666663350398367,0.7277924099239164,0.23428842557924492
399,0.69487228,1.010726180675123,-0.1890338957511939,0.010374817282565691,1.8717151659774553e-08,0.8216973345703674,0.250659132899282
400,0.55036752,0.3064601335745519,-0.2218389049015838,0.008217283409634384,5.675187709057071e-09,0.7654149560895314,0.23291140189326948
401,0.597236256,1439999.4955530183,-0.3109986811569322,0.008917058873788472,0.026666657561260975,0.6124467234191702,0.19530083784364471
402,0.3331479157094116,0.1622857142857142,-0.3425241856468567,0.004974077759372905,3.0052910319109505e-09,0.5583595452273561,0.1694974955735433
403,1.4708230522536354,0.4599041860711711,-0.113941049731663,0.021960180109813904,8.516744261941879e-09,0.9505314391883248,0.2939435063554463
404,0.0,0.156,-0.4007532823790903,0.0,2.8888889144777816e-09,0.4584579708715437,0.1375373921281298
405,2.497708233996402,719999.6737686183,-0.4836896330599041,0.037292128782101516,0.013333327410113976,0.31616704641431265,0.11376696366016859
406,0.0,0.156,-0.4516725289873913,0.0,2.8888889144777816e-09,0.3710976443912397,0.11132929418403859
407,2.013915427348912,4.083262327990743,-0.1971503557906066,0.030068841688842683,7.56159697066487e-08,0.8077722149714487,0.2543592238517626
408,0.6077958663734349,0.0506666666666666,-0.4147292910993637,0.009074719542306537,9.382716132491928e-10,0.4344798336047677,0.1339738381798344
409,1.7213676412276495,0.7245285486010556,-0.3217121406934681,0.02570094572467038,1.34171954633094e-08,0.5940660248584666,0.18850018977256677
410,0.345834384,1439999.60631277,-0.2496918411914383,0.005163493561764559,0.026666659612367503,0.7176286715351932,0.22535399676897402
411,4.5862432556506985,0.9178426841084496,-0.258638765056714,0.06847508119157554,1.6997086893304052e-08,0.7022787549137345,0.23807366404987662
412,1.8392249396397475,1.356116712885676,-0.3046051383053082,0.027460618648221646,2.5113272683291525e-08,0.623415895747667,0.19800902371757056
413,0.600156048,0.0831003085705022,-0.1663511194837145,0.008960652940460835,1.538894616788505e-09,0.8606133608707969,0.26176826989909174
414,2.9306565398539144,1.0268370121246515,-0.3825416901134211,0.043756280102208944,1.9015500392964057e-08,0.4897029470255247,0.1644134018531911
415,1.78282014975513,0.0970804118212944,-0.2636116821737279,0.026618464765044127,1.7977854200222767e-09,0.6937468992434466,0.21877145621838726
416,3.3902088804403947,0.8639971200057599,-0.2591695847333374,0.05061764398531007,1.5999946808495956e-08,0.7013680466189179,0.23065747637978343
417,3.118380718981164,1.1180259542672766,-0.4409863877894574,0.04655910317347155,2.0704184521674222e-08,0.38943147385748206,0.1354530896378886
418,3.799146060345775,1.096544558849948,-0.3268470188222241,0.0567232962665696,2.030638089931118e-08,0.585256298484951,0.1982662141440274
419,8.956171933216817,1.4156111924879964,-0.2975403933600235,0.13372046926144127,2.6215022315315678e-08,0.6355366254526413,0.2441491832048756
420,1.521087936,1.7680792812445238,-0.311419620705912,0.02271066188841923,3.274220920195608e-08,0.6117245325212916,0.19260163433441793
421,1.270430016,1.3025112888599468,-0.2446834413515724,0.018968204180323623,2.412057963698505e-08,0.7262214036413916,0.22545371000072084
422,6.2164475013146205,1.0134361487991297,-0.3403140039344112,0.09281490833509899,1.8767336255108086e-08,0.5621514747793649,0.20577141139804994
423,1.0976930039515171,0.3026170185362378,-0.320618647574122,0.016389147583132327,5.604018911420863e-09,0.59594209181297,0.18533828825834958
424,2.770640918417515,0.0,-0.5160150850228136,0.041367160716472555,0.0,0.2607074270128978,0.09475909239045836
425,7.165561421448723,0.9480467677337072,-0.352327090521232,0.10698569019695561,1.7556421780207686e-08,0.5415410526666045,0.2052565971456901
426,0.418155101072369,1.2908569053982466,-0.4361534134711033,0.006243280807515616,2.3904757719115954e-08,0.39772323468360377,0.12181428989951469
427,2.986738376407641,2.644374827489729,-0.2609684567839372,0.04459361211826753,4.896990464653317e-08,0.6982817863125631,0.22732199543204734
428,1.66898772,3.430941330493193,-0.2095179940773696,0.024918885297663493,6.353595112747074e-08,0.7865535012140894,0.24593362354407752
429,0.6636257807762964,1439999.6211352362,-0.2645303108679307,0.00990829022500951,0.026666659886857624,0.69217084091609,0.2196145663308881
430,3.522923358501563,1.881931830839828,-0.3112144892674152,0.05259914260061775,3.485058976869266e-08,0.6120764691784913,0.20466260824897142
431,1.8947953837877691,0.3683731800155732,-0.1779519714589943,0.02829031530031251,6.821725616268702e-09,0.8407101949067327,0.2635291866386625
432,0.76161604,1.8198789442859649,-0.1077501933882569,0.011371337556408559,3.3701462229738794e-08,0.9611528695388761,0.2928944059946649
433,1.4788790098961953,0.5345102821437472,-0.1680555234665477,0.022080459895010757,9.898338645893991e-09,0.8576891760426111,0.26613893974028924
434,5.784215284679791,1.3007929542883625,-0.3256341225470629,0.08636144861265228,2.4088758626118295e-08,0.5873372211545247,0.2107457530180459
435,6.120461274555634,2.7493681550034106,-0.3089086115773501,0.09138178228743538,5.0914225543638356e-08,0.6160325808895961,0.22136250245612066
436,2.0918636612946453,0.9980010690875613,-0.1709868466720888,0.031232650791553854,1.8481501443102757e-08,0.8526600098763228,0.2682910688239688
437,1.0949301789561103,0.0373333333333333,-0.4531843087094908,0.016347897118354757,6.91358030815195e-10,0.3685039381036179,0.11709034048583469
438,4.441835899408772,3.090180995371433,-0.1882320763412285,0.06631900160919767,5.722557449524647e-08,0.8230729873951561,0.27344951402989826
439,0.365907856,0.5534602201774843,-0.2767712864764217,0.005463201306944289,1.0249263427404915e-08,0.671169437776302,0.20353611493044732
440,1.8353305080850024,35999999.84771071,-0.2902825581088127,0.02740247268821884,0.6666666697516236,0.6479886332752134,0.4053575799833386
441,0.6705278800000001,2.173572529010168,-0.2349505788217672,0.01001134228273739,4.025134348635199e-08,0.7429197270618542,0.22688046710705426
442,0.04421208,0.072,-0.2042558137476417,0.0006601101596428295,1.3333333451435914e-09,0.7955816354113523,0.23893853508726282
443,2.5344210166793584,1.207908031488501,-0.2312612649530292,0.03784027039493174,2.2368667447921855e-08,0.7492493506429053,0.23991092006144454
444,0.50445008,0.6844450475360392,-0.2058562753127859,0.007531711306969457,1.2674908399974883e-08,0.7928357808639406,0.24086342258444246
445,0.32196768,0.2532653283797468,-0.3646174401710124,0.004807150820423546,4.690098715242472e-09,0.5204549402537223,0.15805934381131573
446,2.851524022371726,1.3076985488531092,-0.2342177961312881,0.04257478900864116,2.421664000807967e-08,0.7441769360612688,0.2402830036868291
447,4.970203763558315,2.546099855444596,-0.3123976240272106,0.07420781831164405,4.71499977406883e-08,0.6100466072741898,0.21269712365191387
448,1.3053447901648347,0.3269952705697849,-0.1547559148233108,0.019489500557871173,6.055468027152015e-09,0.8805068379391257,0.27194785342152655
449,1.149046449061275,3.0001957881513057,-0.226672383652438,0.017155882169010477,5.555918175418742e-08,0.757122329826648,0.23399906848335308
450,1.7489592606754305,2.930188952121999,-0.2340770421839501,0.026112903459264158,5.426275885327249e-08,0.7444184225641511,0.23377070443177866
451,2.286836979412358,0.9385957523768504,-0.1444730956550923,0.03414370741111972,1.7381402975752667e-08,0.8981487022538865,0.28310209885503473
452,2.824442856601538,1.1140489441111103,-0.1738694337899565,0.042170452622298946,2.0630536184796565e-08,0.8477144584689736,0.2711825247787725
453,3.444339787294933,0.8409115038610873,-0.4737252373522295,0.05142584757051484,1.5572435394622663e-08,0.3332626030099886,0.12054912460293314
454,3.5200219465979705,0.1801057725189504,-0.1429154323430349,0.052555822958681206,3.335292113227262e-09,0.9008211293723494,0.2912686689957649
455,1.6108618160011658,0.3726309926083736,-0.1180448315557614,0.024051034254056084,6.900573998315274e-09,0.9434907277906285,0.29266763410898317
456,6.24287069743389,1.9785976833309948,-0.3184920998888385,0.0932094208802804,3.664069816401494e-08,0.5995905334619872,0.21716093938291778
457,3.785535762996176,0.404647762792597,-0.2317820671274748,0.05652008719890687,7.49347715512672e-09,0.748355829017552,0.2471147858328715
458,2.8799555301024,0.3728767986174863,-0.2360462598325288,0.042999286727522096,6.9051259614873095e-09,0.7410399064204624,0.23951168868868533
459,4.944198811848007,720000.0158235461,-0.1191741767944304,0.07381955038068501,0.013333333744464548,0.9415531506399284,0.31599376546759184
460,2.6335936993646687,0.3500739350087768,-0.1772609044594304,0.03932097194526839,6.4828507057337865e-09,0.841895833790318,0.26829714086005796
461,1.2527367798024929,0.2832632136508552,-0.3480474654630633,0.018704034637272614,5.245615114072481e-09,0.5488834519988436,0.17214665102824664
462,1.2306522928332255,4.915612744783568,-0.2352592549379015,0.018374301355804902,9.10298664504548e-08,0.7423901425122319,0.23006679060495147
463,1.08715272,0.6129189781328184,-0.1812860470867145,0.016231775468499476,1.135035154744198e-08,0.8349900408441985,0.2569897258457648
464,2.0635948924155154,0.5037771651695085,-0.1348901595051729,0.030810582851350438,9.329206845033562e-09,0.9145898023576808,0.28670117664660644
465,2.477456500919155,1.3208389255888742,-0.1643226247414665,0.03698975950305684,2.4459980320156678e-08,0.8640935765996265,0.2740239841191048
466,0.67372072,0.4592550226156313,-0.2401494814450177,0.010059013103067806,8.504722716362437e-09,0.7340001561577467,0.22422365463996793
467,1.9095228098485348,2.083859867364615,-0.1998272155297193,0.028510203701131928,3.858999788560754e-08,0.8031796226546419,0.2523579798538447
468,4.6247326415949175,0.3681170146125695,-0.237817690281577,0.06904974844767824,6.816981812467356e-09,0.7380007266863935,0.2490201194300839
469,0.8656458229526954,0.2034635984358737,-0.1584761148055922,0.012924558228960329,3.7678444488535536e-09,0.8741242241600139,0.26740709166994164
470,1.264538666169251,0.3429591196182759,-0.2416667484565306,0.018880243155253384,6.351094864001902e-09,0.7313970355243407,0.226971209824732
471,1.1917131120000002,0.3618898429778587,-0.1739001384651087,0.01779291841982493,6.701663818210519e-09,0.8476617795582584,0.2614157032459066
472,1.349667232,0.6720441570030398,-0.2173129394941573,0.020151258479135476,1.2445262276959277e-08,0.773179992730252,0.24001450494430845
473,2.8231032347451848,1.3666152517556818,-0.2791454968230836,0.042150451346686976,2.5307690071495203e-08,0.6670960901752893,0.21698901518356858
474,0.66306304,0.3317320276854796,-0.1687474866997835,0.0098998882022212,6.143185752293709e-09,0.8565019995230357,0.26091055698075494
475,0.642377184,0.4076558586298283,-0.1820970395330545,0.009591037234193717,7.549182634087389e-09,0.8335986501696597,0.2539160122093302
476,4.259248155601985,1.7806933972813537,-0.1585551368391975,0.06359286828289584,3.297580394544797e-08,0.8739886488890756,0.2876337518726222
477,0.9742020991959428,0.7088340770733339,-0.142838397812335,0.014545361883553397,1.3126557099110536e-08,0.9009532947557843,0.27610413711812376
478,1.495644289156467,0.4349627056519087,-0.2093141445711398,0.022330774541346205,8.054864990827316e-09,0.7869032385060425,0.2450032837848107
479,1.006619872,0.3378347404903111,-0.1950961169896004,0.015029376686316605,6.256198953384217e-09,0.8112965988592329,0.24940073220915618
480,12.755582005602871,2.201409191863931,-0.3711967552276209,0.19044770736992506,4.076683724746924e-08,0.5091670452111354,0.22892920874136183
481,1.0842592349918914,1.1900537340821786,-0.1534060013554585,0.016188574179380605,2.2038032307839072e-08,0.8828228360955578,0.27132228711182926
482,3.2698882355697467,0.3590559618576567,-0.1870525497721334,0.04882119197278562,6.649184537741933e-09,0.8250966588559893,0.26705747644066635
483,4.728569760949885,720001.4595409919,-0.2550247472997937,0.07060009254897949,0.013333360479973041,0.7084791956543229,0.24478380385988058
484,4.170169302309353,0.4870337529079651,-0.211946617618658,0.062262873040242715,9.019143652258534e-09,0.7823867988452032,0.25962119157540114
485,0.5374198268587924,0.408,-0.2358396575723235,0.008023967379570906,7.555555622480351e-09,0.7413943665137538,0.22562789917262116
486,1.828134840019816,1.8995944992773888,-0.171640479521184,0.027295037489620474,3.5177676224137314e-08,0.8515385954230716,0.26637960417607254
487,3.072163222063191,1.3607851851279316,-0.1802874578421085,0.045869051059460736,2.51997258737287e-08,0.8367032846221273,0.2693586133703402
488,4.185445128365938,0.9266218290438616,-0.2524772573047114,0.06249094934827637,1.7159663652807294e-08,0.7128498329378568,0.23885133476856668
489,2.649003110143358,1.587290249592117,-0.1993241308128098,0.03955104274512948,2.9394264141700883e-08,0.8040427470730873,0.2570332500382572
490,5.664869753254332,1.2895195926543783,-0.2022233898755699,0.08457955556889778,2.3879992668084218e-08,0.7990685922074022,0.2735524070537776
491,0.963064704,0.2573903786602227,-0.1574620709394119,0.014379074576536874,4.766488535927922e-09,0.8758639828782904,0.2685108261240484
492,1.512158897575109,1.0284201827048984,-0.2308534791185628,0.022577346537046673,1.9044818366932023e-08,0.7499489741842172,0.23401563658352934
493,1.166722776,5.5245371202768485,-0.2492909188057207,0.017419799247723366,1.0230624387428714e-07,0.7183165197034698,0.22246290630200344
494,2.353466757587608,1.2328005732911225,-0.16089875482565,0.035138525874947486,2.2829640448349856e-08,0.8699677875040561,0.27504575345008797
495,3.400994522756925,1.7109316886498338,-0.2318013243462688,0.050778679432441604,3.1683920440828565e-08,0.7483227900974383,0.24480831830738425
496,0.86062164,0.710334330368066,-0.1193340056474179,0.01284954447229069,1.315433956777759e-08,0.9412789380050604,0.28752350313673625
497,7.912210429917759,0.2343379411304458,-0.203026311770696,0.1181335619138632,4.339591540854435e-09,0.7976910478883359,0.2865607404339235
498,2.3828382182215657,3.706239108243957,-0.2625574634737146,0.03557705759677612,6.863405816801273e-08,0.6955555844842801,0.22289751897421192
499,11.092067543833432,0.1917075982387132,-0.3694242589440772,0.16561054076462667,3.550140739570377e-09,0.512208053559249,0.2199066334386676
500,15.688081289718266,1.522510315043117,-0.2354700610246358,0.2342315006361522,2.8194635713500868e-08,0.7420284700644282,0.31630114973218004
501,1.4145761159577397,1.2100255728300382,-0.24946592404776,0.021120383065709583,2.2407881176816185e-08,0.7180162694818213,0.22385304079319457
502,2.1183176445869103,1.441420992452885,-0.2301162474048599,0.03162762300580493,2.6692981578158343e-08,0.7512138162133256,0.23801520207421412
503,0.6475700080000001,0.6329598312480447,-0.1564234172728934,0.009668568892501518,1.1721478460270535e-08,0.8776459637490016,0.26716122019814464
504,1.7233721485782507,2.110821420483659,-0.1076989950803908,0.025730874098707758,3.908928591075312e-08,0.961240708640755,0.2986645739584953
505,4.731507168558572,1.7929279241284917,-0.2976554532976079,0.07064394962617437,3.320236925943885e-08,0.6353392212414303,0.2188593561836096
506,3.963588627573724,1.4432849910086591,-0.3310412020453311,0.05917851233658753,2.672750007023769e-08,0.5780604886469258,0.19708955954696278
507,9.118966922851168,0.9258039818259244,-0.3768019000835897,0.13615108611087665,1.7144518333822452e-08,0.4995504990679133,0.20432558930808015
508,4.962643030173052,2.2589640982670542,-0.2026840540398199,0.07409493249125373,4.183266885696789e-08,0.7982782472108189,0.2691214597095478
509,7.632387550690001,1.1578035442686154,-0.2469451900422358,0.1139556556611207,2.1440806565260824e-08,0.7223410024729945,0.2622845694385886
510,0.9569564904231094,0.2652433821168977,-0.2090179944908368,0.014287875658970143,4.911914527154487e-09,0.7874113325849172,0.24193855151263757
511,5.84113759098536,0.9882161665833789,-0.2951638744007641,0.08721132929464252,1.8300299543272127e-08,0.639613933857548,0.22676871736521126
512,0.8133147688994462,719999.7663134555,-0.2305844192158972,0.01214322741517894,0.013333329123907275,0.7504105906162205,0.2339804668881099
513,1.1794747671848724,1.15147729901505,-0.234798672697798,0.01761019334220637,2.1323653874342277e-08,0.7431803469544931,0.22999818782032663
514,0.9409168794434986,1.299937398020415,-0.2259753436155717,0.01404839563078871,2.4072914991386336e-08,0.7583182164362616,0.23311483040506845
515,0.296159088,0.0522277660168379,-0.1432742115231422,0.004421814645665954,9.671808607306566e-10,0.9002055847915424,0.2718304015858834
516,2.7267905893537097,0.888034154926153,-0.3117543538720959,0.04071245169308575,1.644507708874236e-08,0.6111502428247735,0.19963005845818946
517,2.924679544043754,2159999.931997355,-0.3722752358666552,0.043667040336551464,0.039999999094999496,0.5073167346310617,0.18166183625243895
518,1.8095701668983255,4.479316766481791,-0.2852191399496769,0.027017856924083993,8.295031122515197e-08,0.6566757583399485,0.20780989515671153
519,2.416933928,1.614230795876538,-0.2942007174995494,0.03608612490202341,2.989316315138703e-08,0.6412663876338015,0.20681437521889875
520,0.9742020991959428,0.7088340770733339,-0.142838397812335,0.014545361883553397,1.3126557099110536e-08,0.9009532947557843,0.27610413711812376
521,0.6484993090107783,0.128,-0.3046132143146914,0.009682443856958767,2.3703703913663847e-09,0.6234020400278092,0.19089359026223737
522,1.130016035852874,0.7359377615788067,-0.2135595973656391,0.01687174785320659,1.3628477186991072e-08,0.7796194673018607,0.24063454342038398
523,9.738523133065456,3.680918964900071,-0.1440776759572193,0.14540139391888432,6.816516662045414e-08,0.8988271096578424,0.32780871091445646
524,5.236790105404329,4.0952690643042615,-0.2402594178251849,0.07818809593428859,7.583831667738703e-08,0.73381154225037,0.25141872380032143
525,4.653381912151038,2880000.799377417,-0.2426603668100109,0.06947749748279378,0.053333348609029295,0.7296923201261613,0.26269869961367465
526,9.11587132542031,1.324944681554026,-0.3702532639340944,0.1361048671744621,2.4536012838703334e-08,0.5107857594090859,0.20767768205331447
527,0.6153777169582775,1.0315396568056134,-0.3690075659772032,0.009187920653856787,1.9102586406345845e-08,0.5129229587484045,0.15755206161684002
528,3.131485142450274,3.086972177483127,-0.1448442635302196,0.04675475927171938,5.716615194123298e-08,0.8975119028330396,0.2879554917084452
529,2.3196498369201266,0.4179717166800352,-0.173573670765604,0.034633621041235976,7.740217044116677e-09,0.8482218884898259,0.26832001728550725
530,0.8114267711836082,0.3392356481224696,-0.1777967158746765,0.012115038592721205,6.282141687542871e-09,0.8409765613484483,0.2571389857262655
531,0.7515960126890128,1079999.8045435697,-0.2447719958872491,0.011221733153542163,0.019999996557590317,0.7260694737982906,0.22830953436818113
532,0.6933188800000001,1079999.8365929492,-0.2435718778279204,0.010351624184163872,0.01999999715109735,0.7281284733409266,0.22857919082127273
533,0.826035362701969,0.314709196853112,-0.1604068655202651,0.012333152729838075,5.827948141494623e-09,0.8708117043561878,0.26617677414717605
534,0.210289835519762,0.0146666666666666,-0.3190351750117439,0.0031397404712968594,2.7160494067739703e-10,0.598658798937215,0.1808535359511647
535,0.6746008340650329,359999.5014511493,-0.3088210401873607,0.010072153679941203,0.006666657493331752,0.6161828239848772,0.19088370591543916
536,0.698025424,0.4305130014869712,-0.252082717501325,0.010421895420242471,7.9724630611171e-09,0.7135267307383771,0.21822677978134902
537,1.6867936261365444,0.485667524570918,-0.1729537565172464,0.02518473706356954,8.993843127274298e-09,0.8492854531482529,0.2648595334680566
538,1.094698592,0.448526542188872,-0.1727918754512525,0.01634443940040597,8.306047151144124e-09,0.8495631866914255,0.2614067342594042
539,4.636733190344834,7.640415308597716,-0.3511308505031368,0.06922892310200594,1.4148917363470693e-07,0.5435933987928836,0.19076963132541955
540,2.0663529582188693,0.2289101823759107,-0.1887015894169909,0.03085176225882815,4.239077488954203e-09,0.8222674606382326,0.2590209443667243
541,10.8439829232517,360000.7989022639,-0.2516407819075388,0.16190650380239513,0.0066666815202044575,0.71428494379784,0.2810480891163714
542,4.5258718875038575,1.7305096931223545,-0.2443763585910077,0.0675737041592064,3.2046476082419986e-08,0.7267482545279684,0.24505396763601592
543,1.7544666710772523,0.7332649731234444,-0.1841419936726219,0.026195132061934856,1.3578981104045942e-08,0.8300901956427474,0.25950511559129247
544,4.687874374316865,1.4641240315602986,-0.1740354970854778,0.06999248851480944,2.7113408232019642e-08,0.8474295496244902,0.28222586842729336
545,1.920453611542618,0.3550455099432243,-0.1865315065979161,0.02867340645592893,6.574916909039049e-09,0.8259905939560137,0.25926654274165073
546,0.85370436,1079999.8786564453,-0.1661487956807864,0.012746265757398876,0.019999997930050986,0.8609604805682759,0.2693866498524576
547,2.1794224413207237,0.0,-0.2473174559186305,0.032539950521879725,0.0,0.721702319250725,0.2295266759839694
548,0.6928577920000001,0.6254260372881295,-0.2565223551544565,0.010344739892058877,1.1581963756073365e-08,0.7059098035317481,0.21591084049093712
549,1.1763759231124038,0.2693361756612724,-0.1850194097713694,0.017563925931684505,4.987707000869809e-09,0.8285848442883705,0.25560102515549704
550,2.744420687752046,3.085430828010563,-0.1727210629571287,0.040975678554799666,5.713760843222896e-08,0.8496846771497022,0.2712956917081131
551,0.485050208,0.4840859089069395,-0.1962079258212006,0.007242060772478193,8.9645539480523e-09,0.809389108293643,0.24571355948645035
552,1.2381031725700578,0.3864272739709365,-0.1374760494499727,0.018485547002075327,7.15606069247761e-09,0.9101532836566555,0.280440206044645
553,0.445463864,0.5633645204774131,-0.2220839129280028,0.006651015341964271,1.043267639754673e-08,0.7649946045995947,0.232158790646467
554,1.8787254926693857,1.3332421534324976,-0.2457172724049515,0.028050383173355377,2.4689669726702744e-08,0.7244476967552032,0.22855446970280402
555,1.129997088,4.083647836778575,-0.1530155797077221,0.016871464951561034,7.562310875833846e-08,0.8834926685240224,0.2717964092247638
556,3.75163973221942,0.8824432881819393,-0.1404075287524208,0.056014001208668396,1.6341542518487993e-08,0.9051238496804983,0.2939427602900796
557,3.358711940052768,0.9831755236235368,-0.2947064462732581,0.05014737770633072,1.820695430244823e-08,0.6403987269018677,0.2121785746151789
558,1.0872054400000002,1.5977018651289532,-0.2150954025452906,0.01623256260648567,2.958707183853531e-08,0.7769845413977798,0.23958839633804974
559,2.927862278896905,0.2187616260189978,-0.2145071222253068,0.04371456028159848,4.051141258457801e-09,0.7779938328590432,0.2508839751856947
560,1.7788846337561657,1.8717350402371848,-0.1382066550687005,0.02655970539216791,3.466176031141556e-08,0.9088998097812191,0.28329383548976095
561,0.78612028,719999.9578430996,-0.297695159087179,0.011737199053499991,0.013333332670752568,0.6352710994413029,0.19927620925501663
562,2.7021130988948188,2.6498722491447344,-0.1595806651161153,0.04034400347335931,4.907170875215724e-08,0.8722291867788936,0.2778063721445244
563,2.0554951344921952,0.7449071227133961,-0.2170466257971059,0.030689649104378314,1.3794576468732503e-08,0.7736368975957061,0.24436693305883608
564,2.2940999749533453,0.4432727286146881,-0.3015348164221718,0.03425214784518313,8.208754306315964e-09,0.6286835369634484,0.20230592268973405
565,1.584743038045477,1079999.9192451038,-0.2181586853229195,0.023661066835965704,0.019999998681692818,0.771728976923039,0.24698311941580584
566,1.2403090239297618,1.347865740035424,-0.1476381012084147,0.018518481550578874,2.496047688841492e-08,0.8927186156585922,0.27522298480595225
567,2.028476888,2.401992943264647,-0.1475623825233722,0.030286252136734356,4.448135119519935e-08,0.8928485234927921,0.2799690712469367
568,2.6488198667580707,0.2770298188963453,-0.2279208423290786,0.039548306822722853,5.130181876855381e-09,0.7549803940193984,0.24231344247396322
569,2.8022741961323714,0.8313371597364246,-0.1773258310772494,0.041839462585155945,1.5395132724076936e-08,0.8417844415190701,0.2692711221083232
570,3.204267616698337,0.294610618429609,-0.2130818579427603,0.04784144080072886,5.4557522414662884e-09,0.7804391077077029,0.25326831026932806
571,7.0893715849046925,1.417570485355087,-0.1558552375370079,0.10584813491423105,2.6251305516879482e-08,0.8786207693585245,0.30592549264864144
572,1.6378525687062089,1.5249818348581994,-0.3037895743704181,0.024454020724654302,2.8240404599370764e-08,0.6248151295612707,0.19722615563036433
573,3.364254178405173,3.4170225158546024,-0.2337433197086765,0.05023012630905615,6.327819529854706e-08,0.7449909782544971,0.2435893629834302
574,12.425798109702043,0.6467367843123097,-0.2803464505088852,0.18552385623759357,1.1976607222979742e-08,0.6650356569782623,0.2737202431814983
575,2.3165019625915044,3.4871998821264314,-0.1485106269301556,0.03458662158259023,6.457777616694406e-08,0.8912216545487763,0.28120116437100184
576,1.6609216403268892,0.2811036253030706,-0.2361258812212427,0.024798454385100477,5.205622736907414e-09,0.7409033028574449,0.23219037417296046
577,0.855691392,1.3965465674842228,-0.2685199919139673,0.012775933215042473,2.586197370100749e-08,0.6853258881339878,0.2107081474848054
578,0.925067957720536,0.6918788301142408,-0.211838287280929,0.013811762695882421,1.2812571041531323e-08,0.7825726573231285,0.24029650611906284
579,1.2157362194580512,0.7233639306648884,-0.1710363598466565,0.018151596349007426,1.3395628464300452e-08,0.8525750618972495,0.26303316112746633
580,7.703683268917428,2.853549893426856,-0.3610015648260215,0.11502013912222357,5.284351701301346e-08,0.5266585679915881,0.20400564189942094
581,8.403174778417894,1.1782776745970975,-0.2569857214662519,0.1254639239883768,2.181995713025778e-08,0.7051148225574652,0.26172002290857743
582,0.8274945920000001,4.327959241883503,-0.1099438641528092,0.012354939808954886,8.014739407813407e-08,0.9573892672284219,0.29215878013632673
583,1.9607790148002664,0.7621433343178627,-0.1964489703010512,0.02927548643909343,1.41137655753462e-08,0.8089755569185015,0.2544028658853175
584,2.590227010844533,0.2484051592276405,-0.1765302708825383,0.0386734839356066,4.600095581998839e-09,0.8431493556325748,0.2684142016440437
585,1.5070823691508737,0.4124433215459178,-0.1392144410990211,0.022501551234302412,7.637839355541006e-09,0.9071707874076488,0.28115185900736744
586,1.5017468721043357,4.022112098147205,-0.2423618820390298,0.022421889390589925,7.448355803284892e-08,0.730204419750158,0.22803010402635077
587,0.8464338370779909,0.0266666666666666,-0.3071368930875839,0.012637712935483818,4.938271648679955e-10,0.6190722548048017,0.19077676176378217
588,4.492516991514406,0.4738214177940189,-0.1612410105182715,0.0670756976027072,8.77447077761081e-09,0.8693805916785334,0.2876444591769841
589,4.556642713490508,0.118201920231798,-0.276764769439183,0.0680331291592152,2.188924468125822e-09,0.6711806188235244,0.22856743796742074
590,0.7375972080000002,0.528222566195762,-0.1372147139742228,0.011012723462116812,9.781899460640661e-09,0.9106016475662401,0.27758558658928856
591,1.5243679907676253,0.8650618331569022,-0.2083867259285641,0.022759634872189603,1.601966371887694e-08,0.7884943774327942,0.2456521719846132
592,0.399629152,0.2893956870901036,-0.2286452689089533,0.005966678412882827,5.359179438027443e-09,0.753737521299468,0.22850792936274736
593,41.769022918640815,2.1468978308868736,-0.2580106029778364,0.6236340019955857,3.9757367590804387e-08,0.7033564700793856,0.46046055374926026
594,2.1438265223892343,719999.675719447,-0.1476045872705849,0.03200848428621521,0.013333327446240434,0.8927761143206006,0.2846362262445384
595,0.3594385727446773,0.913368928255166,-0.4459767987161369,0.005366611424666736,1.6914239561953853e-08,0.38086960468492204,0.11640753104961517
596,9.209689219020834,2.9749596763696484,-0.2930337109810099,0.13750561884056778,5.509184634668388e-08,0.64326857889261,0.24798283773156404
597,3.824157856418661,0.3831931962964423,-0.2767691001862704,0.057096735849114164,7.09617036464167e-09,0.6711731887159589,0.22419065308328445
598,3.861544191686256,1.828697282523592,-0.202161870377093,0.05765493396469598,3.3864764791141336e-08,0.7991741390061046,0.26281422544713917
599,2.6969228485356824,4.1466155439479575,-0.1697042780636408,0.04026651024089534,7.6789177419952e-08,0.854860466871088,0.27256476719443773
600,4.885332030994005,1.2609808138303926,-0.2099462785023735,0.07294063764671739,2.335149675925508e-08,0.7858187089756538,0.2649218747568321
601,2.497294123590501,1.0660112311577514,-0.2883810031313288,0.03728594589077071,1.974094890000282e-08,0.651251062999108,0.21028970317832535
602,11.881093880530212,0.2043426086260531,-0.6679722296847938,0.17739112880932642,3.784122415482543e-09,0.0,0.0709564526589673
603,0.5511504061512049,0.0,-0.2116516118474983,0.008228972321403613,0.0,0.7828929296738923,0.23815946783072914
604,1.2135856129184035,0.5131175044019718,-0.1471074638966314,0.01811948663541296,9.502176091611286e-09,0.8936290110765884,0.27533650082779454
605,2.430941030930202,1.8399062992654496,-0.4012199268848712,0.03629525849065777,3.407233917708844e-08,0.45765736561732906,0.15181532330316358
606,13.214430191040137,0.4718631739921617,-0.3380125192996813,0.19729855783750802,8.738207003181132e-09,0.5661000494828765,0.24874944060132828
607,0.49208336,1.2819687008036518,-0.1122424523800008,0.007347069518719318,2.3740161336276624e-08,0.9534456617875176,0.2889725334657914
608,6.133445500193587,2.1552952883174648,-0.149276878432958,0.09157564376734556,3.9912876063118706e-08,0.8899070243075675,0.3036023767730713
609,1.13218364,1.2825912434929272,-0.2504807183041514,0.016904111350232787,2.3751689904698656e-08,0.7162752233459534,0.2216442186693861
610,0.71703612,1.189607218148926,-0.2252454403721857,0.010705735347508535,2.2029763494187076e-08,0.759570485271497,0.23215344632938154
611,5.31486482590386,1.4305337161167442,-0.2162222015670921,0.0793537935493525,2.6491365347925436e-08,0.775051332700104,0.2642569251771818
612,1.2303245729103602,0.4011348573251827,-0.2339439432927415,0.018369408320901302,7.428423349598378e-09,0.7446467755615863,0.2307417982253634
613,3.88133832073552,3.3030028212698817,-0.1877589288213864,0.057950470969213755,6.116671945420127e-08,0.8238847496375302,0.2703456316289604
614,2.637534626868074,1.02436726280396,-0.176783574046984,0.03937981211481964,1.8969764294027617e-08,0.8427147724716201,0.26856636227834313
615,0.8975646354174392,0.3390930667789412,-0.1724180469216009,0.013401123285200876,6.279501292268957e-09,0.850204550901883,0.2604218164684956
616,0.9569892931825308,0.6764430265073331,-0.2246166165482772,0.014288365421830393,1.2526722824056634e-08,0.7606493357693809,0.23391015065756324
617,2.394004117508344,1.2003764295120918,-0.2190425282086574,0.035743770485216354,2.2229193336012192e-08,0.7702125993605561,0.24536129467101137
618,8.639190568465967,2.1599955554457413,-0.2808417387365049,0.12898776681248422,3.9999918047746666e-08,0.6641859087170683,0.2508508913400896
619,1.711196667828842,1.0748710130359769,-0.3488180574828164,0.02554908761543847,1.9905018936238054e-08,0.5475613748882648,0.17448805348416052
620,1.9075659512397785,1.028556949805824,-0.1423513496926,0.028480986748465945,1.9047351091045673e-08,0.9017889057592027,0.2819290721413525
621,8.36387294011668,1.467107952224673,-0.4948286679001656,0.12487712638113303,2.7168666022590107e-08,0.2970562035574568,0.13906771977029006
622,0.4900571039999999,0.8639985600014398,-0.2280253302946283,0.007316816425636222,1.599997347508286e-08,0.7548011277617119,0.2293670696987601
623,5.836533029498719,0.7437507217157329,-0.1707440106031298,0.08714258071239912,1.3773161635252757e-08,0.8530766350166875,0.29078002692191435
624,0.5326458517880381,0.1386033970365426,-0.2227410242362019,0.00795268936129883,2.566729597486093e-09,0.7638672222787255,0.23234124319815605
625,1.0567382644572665,1.3330273508075643,-0.0935030570118896,0.015777671271099955,2.4685691900279855e-08,0.9855961708081049,0.301989927156579
626,7.923054411338675,1.0455625706795066,-0.3497101517460154,0.11829546839523492,1.9362269998903326e-08,0.5460308407331982,0.21112744538673442
627,0.7193305765728848,0.3945986323710905,-0.2401372892900718,0.010739992819552837,7.3073821456726715e-09,0.7340210738010253,0.22450232146034335
628,0.930746009585626,0.7738418276792531,-0.1296281320917223,0.013896539067478711,1.4330404343216795e-08,0.9236176742019672,0.2826439221867029
629,1.513958702531636,0.889139977148617,-0.1651058107694082,0.022604218594121997,1.6465555278228638e-08,0.8627498924005629,0.2678666600974842
630,0.266717,0.2528830865407962,-0.1600272421727874,0.003982228419234213,4.683020162606613e-09,0.8714630105279054,0.2630317959309713
631,0.3246246,0.298275446811776,-0.2352278409121584,0.00484682006659695,5.523619434329787e-09,0.742444038430333,0.2246719412128245
632,0.42554912,0.9415631055345466,-0.1543929517176163,0.006353677491288933,1.7436353960641187e-08,0.8811295607311123,0.2668803444467554
633,0.41136508,0.902763115412309,-0.1783946184538688,0.006141902136933737,1.6717835618679778e-08,0.8399507613219188,0.2544419942666998
634,3.432493693584606,0.9950259353925086,-0.1794025047474951,0.0512489790130919,1.8426406374187842e-08,0.8382215669301885,0.2719660672122152
635,1.8375539988773544,1.6077101319188876,-0.1817040229930527,0.02743567060294947,2.9772410114064655e-08,0.8342729345617843,0.2612561575414381
636,0.7118054800000001,1.3437535368828155,-0.2261146604609272,0.010627639075959353,2.4884324977506902e-08,0.7580791955177456,0.2316748217510049
637,3.066465201044025,4.635938598413063,-0.3153275235908154,0.04578397653764204,8.585071554586643e-08,0.6050198835993488,0.1998195814500761
638,0.3287380746050042,0.2880000000000001,-0.5007467269296176,0.004908236457280131,5.333333380574367e-09,0.2869028017815092,0.08803413671736482
639,0.464847976,0.5011418898786394,-0.1215580824746744,0.006940430571169829,9.28040545032594e-09,0.9374631691025659,0.28401512574335935
640,0.6689982400000001,1.3890204737159522,-0.0902036371076173,0.009988503933928737,2.5722601592953146e-08,0.9912568672879672,0.3013724694767421
641,0.757816752,0.5467707593519818,-0.1752376645844296,0.011314612140906526,1.012538452213166e-08,0.845367033931744,0.25813595807350115
642,4.506064803321532,1.3064958853698134,-0.3533326331940385,0.06727797372757653,2.4194368461895437e-08,0.5398158791411201,0.18885596049167716
643,1.0671415602269223,0.91199712000576,-0.1128339984622257,0.015932998078418657,1.6888835705258353e-08,0.952430767375021,0.2921024345105245
644,0.257557008,0.0568208545933126,-0.1884581669156991,0.0038454648066322487,1.0522380573447096e-09,0.8226850918995332,0.2483437138081843
645,4.433878743480754,2.52534396091432,-0.3203669120802845,0.06620019698679704,4.676562932005635e-08,0.596373985377647,0.2053922884377017
646,4.766719648102327,0.6801855514267588,-0.2069967128333101,0.0711696909053236,1.2596028841696927e-08,0.7908791730828046,0.2657316320657795
647,1.9916767554372596,0.0226666666666666,-0.372294149308705,0.029736806343166895,4.197530901377961e-10,0.507284285516387,0.1640800083181088
648,1.051810248,4.721504802265136,-0.3265339366124404,0.015704093331986285,8.743527489049589e-08,0.585793442411535,0.18201969628683745
649,0.4929013937954731,0.36,-0.3244645065565401,0.007359283203742121,6.6666667257179575e-09,0.5893438893908926,0.17974688209876463
650,3.72138302688864,1.9026204570393423,-0.2179555677309596,0.05556225230687126,3.5233712479484656e-08,0.7720774584959108,0.2538481490416355
651,0.4703275474232101,0.432,-0.3287298725618151,0.007022243522900431,8.00000007086155e-09,0.5820259538046644,0.17741668595055948
652,1.4495405640526002,1.4243350755274296,-0.2751529587356152,0.0216424211017785,2.63765757063658e-08,0.6739459446809808,0.21084075975797836
653,0.9928513725806029,3.518531093640286,-0.6267341271835617,0.014823805576570571,6.51579837927103e-08,0.07075073450416237,0.027154762129272078
654,2.365470861841549,0.8880926087661224,-0.3107203931560809,0.03531775361486468,1.64461595672699e-08,0.6129241721684994,0.19800435803034355
655,0.4142687040000001,1.097791178357674,-0.2120931804194256,0.006185254806660718,2.0329466445955034e-08,0.7821353463006787,0.23711471191170783
656,4.25752936244865,0.3813333333333333,-0.2323355622266666,0.06356720577566159,7.061728457612354e-09,0.7474062173129129,0.24964874962265704
657,4.0027092798030175,0.6482492338376398,-0.1862126699310163,0.05976260473822099,1.200461554777098e-08,0.8265376105984342,0.2718663286762033
658,4.076349352425468,1.0326406038006164,-0.2284963948725007,0.060862090672719325,1.9122974313841305e-08,0.7539929391482234,0.25054272375044706
659,0.508764448,0.951995085836108,-0.1550409236715118,0.007596127144207557,1.7629538782751645e-08,0.880017858472871,0.2670438136884059
660,0.558104488,0.504,-0.3077809248882517,0.008332800507713269,9.333333416005141e-09,0.6179673125262396,0.18872331676095722
661,2.6149578943287115,2.0173358476929177,-0.1208762555142468,0.03904272934194915,3.73580715844789e-08,0.9386329551821643,0.29720698949885044
662,1.0254610594881286,1.6800742239648054,-0.2894375214772797,0.015310685760231452,3.1112485904562743e-08,0.6494384323381576,0.2009558133392856
663,1.4598772186893216,1.6194961920164874,-0.2121199899553717,0.021796752921100705,2.9990670488175714e-08,0.782089350140699,0.24334551520785114
664,0.7229418351934174,1.154695471195113,-0.2062570361349781,0.010793910855178198,2.1383249655982436e-08,0.792148209884414,0.24196203372237038
665,1.5387199385983206,0.8639971200057599,-0.2641546370123444,0.022973917180864195,1.5999946808495956e-08,0.6928153710861178,0.21703418299816507
666,3.483319413034975,1.01599424002304,-0.234916482356459,0.052007834370730456,1.8814708315229733e-08,0.7429782251453797,0.2436966069363186
667,0.5207282560000001,1.098,-0.2370839594396659,0.00777475323935658,2.0333333513439772e-08,0.7392595623952387,0.2248877761143143
668,0.1649116966565403,2.15769751370635,-0.3407769144870017,0.0024622204249815593,3.9957361718862474e-08,0.5613572757348155,0.16939208287764582
669,5.128929445768919,1.1909432680247392,-0.2334978233766028,0.07657767821019347,2.2054505158773142e-08,0.745412167512945,0.25425472815431244
670,9.517964027793456,1.6063741773183486,-0.2302311924130552,0.14210832772087284,2.9747670213835536e-08,0.7510166091823484,0.2821483227673547
671,0.5054534,1.1369427766194329,-0.1928483202677503,0.007546691414790053,2.1054496049817105e-08,0.81515306313477,0.24756460182269582
672,1.1238024355775729,1.0017966162847398,-0.2199247239953803,0.016778975455488915,1.855178935478421e-08,0.768699047666822,0.23732131004777893
673,3.0490781021386364,1.086206793118106,-0.1779035256992009,0.045524377789196775,2.0114940791470242e-08,0.8407933115605336,0.270447750618321
674,3.798906135010169,1.684804594864918,-0.1467818713267257,0.05671971405212529,3.120008536645187e-08,0.8941876185796673,0.2909441805547759
675,0.228714016,0.4599974371593345,-0.3261989329347189,0.0034148234060535645,8.518471133960201e-09,0.586368196215003,0.17727639078246368
676,0.171067872,0.0,-0.2006932382944025,0.002554135437547366,0.0,0.8016938184351866,0.24152979970557492
677,5.946074064462704,4.530913436511709,-0.2926684901087675,0.08877808734491939,8.390580512305838e-08,0.6438951752537454,0.2286798126858329
678,42.61156591507997,2.2982210892096537,-0.6233351307591506,0.6362136225853747,4.255965017715911e-08,0.07658227085084375,0.2774601430572981
679,6.877901528040659,0.4341677379941097,-0.1941512125251684,0.10269077310279409,8.040143367404341e-09,0.8129177375838584,0.28495163292831815
680,1.8524183746623195,0.6282680509032541,-0.1537518341187694,0.027657603736889434,1.1634593638301112e-08,0.8822295032180539,0.27573189595055003
681,0.4107306590351325,0.5606698897495372,-0.5047805107014847,0.0061324298903350834,1.0382775828069988e-08,0.2799821835333239,0.08644763013096395
682,1.81139171952928,0.1227650354097492,-0.2767691001862704,0.027045053685648187,2.2734266017993385e-09,0.6711731887159589,0.2121699787710749
683,2.1322792551503373,1.7756769581544434,-0.1712755398520667,0.03183607736890874,3.2882906923756405e-08,0.8521647093340836,0.26838385361266065
684,0.966753205603547,0.048,-0.2700669482783143,0.014434145891488812,8.888888967623944e-10,0.6826718305419789,0.21057520778585587
685,12.783680659249413,5.314998181476152,-0.3015505361356421,0.19086723539811026,9.842589312138478e-08,0.6286565672144356,0.26494389385134276
686,2.153881437213491,0.5454399142244758,-0.2023164072500937,0.0321586095784393,1.010073924177436e-08,0.7989090056316374,0.2525361485510887
687,1.7922506151215611,0.5691017938290391,-0.1576027734414634,0.026759266690638696,1.0538922201295712e-08,0.8756225846382423,0.2733904852294048
688,5.264554011473827,1.1667276072859538,-0.2699106857963322,0.0786026260009094,2.1606066992971658e-08,0.6829399244819303,0.23632303422676293
689,4.0534192357141725,359999.6626430914,-0.3255675249495421,0.060519731683888175,0.006666660478367743,0.5874514802657597,0.20244333489679348
690,1.442957819405318,5759999.78924684,-0.249826829240581,0.021544137179827633,0.106666663708651,0.717397077377197,0.2558367771976855
691,1.13031336,1.7100695456175448,-0.2502106989785213,0.016876187062812315,3.166795482897809e-08,0.7167384858255517,0.22177203007317686
692,66.97682099594125,0.6126437976230217,-0.3914248921302997,1.0,1.1345255612030236e-08,0.4744623556955953,0.5423387101122553
693,3.6614025343616174,6.977707001475546,-0.5203984507461381,0.05466671125796633,1.29216797468184e-07,0.253187043539475,0.09782283633006827
694,0.6349284334319172,2159999.6287933653,-0.2960082042555497,0.009479823377559132,0.03999999348011075,0.6381653473861386,0.20724153161089848
695,6.86665671915838,2.7212741311030806,-0.1581881973779202,0.1025228820516055,5.0393965837172094e-08,0.8746181937718246,0.3033946260703793
696,10.525755249564856,2.106716681999998,-0.2406551237610678,0.15715519328996982,3.901327223445646e-08,0.7331326437581193,0.28280188214740537
697,5.139206812113099,1.484854292397129,-0.3107494620412253,0.07673112482338526,2.749730195462062e-08,0.6128742997240744,0.214554748095767
698,11.18994484532681,0.4876112269195503,-0.3289467938089281,0.1670719015762918,9.029837615530761e-09,0.5816537897953638,0.24132490027807713
699,6.764470128076944,2.028759245461619,-0.3769159555282934,0.10099718122612696,3.7569615989476795e-08,0.499354818229137,0.1902053292300767
700,10.460054038092446,1080001.4556691288,-0.3952429432861018,0.1561742388269864,0.02000002713398983,0.46791186216502134,0.2088432623204979
701,0.83611332464275,0.95999712000576,-0.3043814462372129,0.012483622127921208,1.7777724602020746e-08,0.6237996762118633,0.19213335704804482
703,3.2695624906746064,0.5689765492232253,-0.1343166605762686,0.048816328426109376,1.053660285672306e-08,0.9155737339160284,0.29419865470623313
704,1.061673144,2.996108406471663,-0.257266832465062,0.015851351679774958,5.548348950019025e-08,0.7046325304917131,0.21773031646447077
705,0.3949631916211252,1.682234926130854,-0.289082729959239,0.005897013112119187,3.115249890799214e-08,0.650047135430073,0.19737295521961923
706,6.7648568382669945,0.8087582889653184,-0.1409748741626816,0.10100295501748194,1.4977005483871324e-08,0.9041504754935478,0.31164632914815876
707,0.5305774848958793,2879999.565144737,-0.2085335967414879,0.00792180752992191,0.053333325752868345,0.7882423964428524,0.255641439670685
708,4.234843913767729,1.282492651559123,-0.2940039320216806,0.06322849981226128,2.3749864128130555e-08,0.6416040054254677,0.21777260867750403
709,4.867670341403057,2.510991365937908,-0.232393837186667,0.07267693911148805,4.64998405218426e-08,0.7473062370525917,0.2532626607103249
710,0.6453166537180274,1.8567454460036152,-0.3950118978529903,0.00963492509979136,3.4384175230557364e-08,0.4683082585340343,0.1443464579153794
711,2.3547310510908046,0.8420147200046599,-0.2383925889472124,0.03515740245768756,1.55928653233883e-08,0.7370143936499026,0.2351672837559054
712,1.7946452600547589,0.9290882588624318,-0.2215352526532512,0.02679502002884719,1.7205338279481684e-08,0.7659359213692198,0.2404987895839063
713,1.4815598274123771,0.6349429937189639,-0.3402688530931198,0.02212048594396797,1.1758203691538785e-08,0.5622289384595802,0.17751687944292235
714,1.2114286922664683,1.5549527554244835,-0.2788594500967071,0.018087282648722308,2.8795421651810715e-08,0.6675868502919324,0.20751097678569516
715,2.8089404444094783,1.4303937367350026,-0.2449106982567656,0.04193899326126121,2.6488773137129483e-08,0.7258315071139488,0.23452505738532106
716,0.3814396033489304,0.16,-0.3471243750723332,0.005695098657669127,2.962962989207981e-09,0.5504671650990266,0.16741818988166454
717,0.435995747219096,1079999.4484940972,-0.2739350920317589,0.006509651260478861,0.01999998996408151,0.6760353949369284,0.21141447597449453
718,8.764021903691102,1440000.2013876496,-0.2522897717011391,0.13085156586070568,0.026666670632272783,0.7131714952684963,0.274292076114513
719,0.1098216,0.208,-0.4534674616451727,0.001639695619573451,3.851851885970375e-09,0.3680181427599571,0.11106132223137208
720,3.812646446194573,0.0493333333333333,-0.371426750017416,0.05692486429634539,9.135802550057935e-10,0.5087724513932058,0.17540168141057397
721,9.380140039653536,0.3201233735303652,-0.1524356725612016,0.14005054136896056,5.9282106734429615e-09,0.8844875944316659,0.3213664966555472
722,0.9667976157399684,0.4932079504136248,-0.2658743776688085,0.014434808958737465,9.133480644116847e-09,0.6898648736766438,0.21273338842653233
723,0.490256592,0.1804870209534223,-0.1917555701267403,0.007319794888887145,3.342352269483723e-09,0.8170278553879703,0.2480362755746516
724,0.7471538663651451,719999.6388196534,-0.4515484521581035,0.011155409517128652,0.01333332676291092,0.3713105185603845,0.11985531740384008
725,5.077857258980063,1.240475533079462,-0.2217173969003981,0.07581514296248515,2.297176933457804e-08,0.7656234230123673,0.26001309098023506
726,0.8630309741947166,1.2048469997202165,-0.5171507651511131,0.012885517129082846,2.2311981673933002e-08,0.2587589813190986,0.08278190794095722
727,0.6996519595714814,0.6122070143083997,-0.1193185593486361,0.010446180472105115,1.1337167032058183e-08,0.9413054386662911,0.2865701071898795
728,3.5689259350686475,0.1641912497061438,-0.2383873822747598,0.05328598583806959,3.0405787251944365e-09,0.7370233265512244,0.24242139321276876
729,1.9729071304780397,1.2354938134326223,-0.2338377122301265,0.029456565736340284,2.2879515266226814e-08,0.7448290323884358,0.23523134287492142
730,3.114596565192047,2.688515292964285,-0.2506580534081459,0.04650260371988676,4.978732068108018e-08,0.7159709758636497,0.2333923491832458
731,2.2980189677739102,0.9028040802803922,-0.2083389436723803,0.03431066051810922,1.6718594227354706e-08,0.7885763557372317,0.2502971759439915
732,0.57466332,1.0730111352606455,-0.1795539758870278,0.008580032785294843,1.987057675490832e-08,0.8379616933247576,0.2548205270727182
733,0.28628468,0.4852821267523204,-0.3734790465426694,0.004274384417518841,8.986706130570385e-09,0.5052513997983202,0.15328517640251543
734,20.966218839552457,1.7375454613139938,-0.262677337539009,0.3130369361786072,3.2176768087122947e-08,0.6953499208466934,0.3338197603784814
735,2.073575103442818,2.588230057428534,-0.4130513897560328,0.030959592775663018,4.7930186673227464e-08,0.4373585488042034,0.14359141613058224
736,0.26524376,0.9906637866724266,-0.2774469856762292,0.003960232152793182,1.834562584161894e-08,0.670010164875983,0.2025871478275999
737,0.445975983838707,0.8799980800025599,-0.3869722686112715,0.006658661566898387,1.629626088513543e-08,0.48210156228693496,0.1472939382017181
